id,title,description,brand_id,brand,color1_id,color2_id,isbn,is_unisex,catalog_id,size_id,status_id,package_size_id,item_attributes,video_game_rating_id,measurement_length,measurement_width,price,currency,photo_1,photo_2,photo_3,photo_4,photo_5,photo_6,photo_7,photo_8,photo_9,photo_10,photo_11,photo_12,photo_13,photo_14,photo_15,photo_16,photo_17,photo_18,photo_19,photo_20,sku,restock_enabled,restock_quantity,location,messages_enabled,accept_offers_enabled,minimum_offer_price,counter_offer_price,purchase_price
,Fasez 006/015 Pokémon TCG ITA,"🎴 Vendo carta Pokémon TCG Fasez 006/015 in ita originale.
✨ Carta Pokémon singola dell'espansione Espansione Sconosciuta (UNK), ideale per collezionisti e giocatori Pokémon TCG.

📋 Dettagli:
Nome: Fasez
Numero: 006/015
Espansione: Espansione Sconosciuta (UNK)
Lingua: ITA
Condizioni: Ottime Condizioni

📸 Riceverai esattamente ciò che vedi in foto. Le foto sono parte integrante della descrizione.
📦 La carta verrà spedita protetta con sleeve e/o supporto rigido per garantirne la massima sicurezza durante il trasporto.
🚚 Spedizione generalmente effettuata entro 24h lavorative.
🛒 Consulta il mio armadio per altre carte Pokémon e annunci simili.
💥 Acquistando più articoli puoi creare un set e ottenere sconti dedicati.

#PokemonTCG #Pokemon #Fasez #PokemonIta #CartaPokemon #CartePokemon",191646,Pokémon,15,,,,4875,,2,1,,,,,1.00,EUR,https://raw.githubusercontent.com/pandabayo/tcg-foto/main/_stage_git/Pokemon_Fasez_006_015_UNK_ITA_1-FRONTE.jpg,https://raw.githubusercontent.com/pandabayo/tcg-foto/main/_stage_git/Pokemon_Fasez_006_015_UNK_ITA_1-RETRO.jpg,,,,,,,,,,,,,,,,,,,Pokemon_Fasez_006_015_UNK_ITA_1,,,,,,,,
,Base 93/124 Pokémon TCG ITA,"🎴 Vendo carta Pokémon TCG Base 93/124 in ita originale.
✨ Carta Pokémon singola dell'espansione Espansione Sconosciuta (UNK), ideale per collezionisti e giocatori Pokémon TCG.

📋 Dettagli:
Nome: Base
Numero: 93/124
Espansione: Espansione Sconosciuta (UNK)
Lingua: ITA
Condizioni: Ottime Condizioni

📸 Riceverai esattamente ciò che vedi in foto. Le foto sono parte integrante della descrizione.
📦 La carta verrà spedita protetta con sleeve e/o supporto rigido per garantirne la massima sicurezza durante il trasporto.
🚚 Spedizione generalmente effettuata entro 24h lavorative.
🛒 Consulta il mio armadio per altre carte Pokémon e annunci simili.
💥 Acquistando più articoli puoi creare un set e ottenere sconti dedicati.

#PokemonTCG #Pokemon #Base #PokemonIta #CartaPokemon #CartePokemon",191646,Pokémon,15,,,,4875,,2,1,,,,,1.00,EUR,https://raw.githubusercontent.com/pandabayo/tcg-foto/main/_stage_git/Pokemon_Base_93_124_UNK_ITA_2-FRONTE.jpg,https://raw.githubusercontent.com/pandabayo/tcg-foto/main/_stage_git/Pokemon_Base_93_124_UNK_ITA_2-RETRO.jpg,,,,,,,,,,,,,,,,,,,Pokemon_Base_93_124_UNK_ITA_2,,,,,,,,
,Base 013/015 Pokémon TCG ITA,"🎴 Vendo carta Pokémon TCG Base 013/015 in ita originale.
✨ Carta Pokémon singola dell'espansione Espansione Sconosciuta (UNK), ideale per collezionisti e giocatori Pokémon TCG.

📋 Dettagli:
Nome: Base
Numero: 013/015
Espansione: Espansione Sconosciuta (UNK)
Lingua: ITA
Condizioni: Ottime Condizioni

📸 Riceverai esattamente ciò che vedi in foto. Le foto sono parte integrante della descrizione.
📦 La carta verrà spedita protetta con sleeve e/o supporto rigido per garantirne la massima sicurezza durante il trasporto.
🚚 Spedizione generalmente effettuata entro 24h lavorative.
🛒 Consulta il mio armadio per altre carte Pokémon e annunci simili.
💥 Acquistando più articoli puoi creare un set e ottenere sconti dedicati.

#PokemonTCG #Pokemon #Base #PokemonIta #CartaPokemon #CartePokemon",191646,Pokémon,15,,,,4875,,2,1,,,,,1.00,EUR,https://raw.githubusercontent.com/pandabayo/tcg-foto/main/_stage_git/Pokemon_Base_013_015_UNK_ITA_3-FRONTE.jpg,https://raw.githubusercontent.com/pandabayo/tcg-foto/main/_stage_git/Pokemon_Base_013_015_UNK_ITA_3-RETRO.jpg,,,,,,,,,,,,,,,,,,,Pokemon_Base_013_015_UNK_ITA_3,,,,,,,,
,Base 013/015 Pokémon TCG ITA,"🎴 Vendo carta Pokémon TCG Base 013/015 in ita originale.
✨ Carta Pokémon singola dell'espansione Espansione Sconosciuta (UNK), ideale per collezionisti e giocatori Pokémon TCG.

📋 Dettagli:
Nome: Base
Numero: 013/015
Espansione: Espansione Sconosciuta (UNK)
Lingua: ITA
Condizioni: Ottime Condizioni

📸 Riceverai esattamente ciò che vedi in foto. Le foto sono parte integrante della descrizione.
📦 La carta verrà spedita protetta con sleeve e/o supporto rigido per garantirne la massima sicurezza durante il trasporto.
🚚 Spedizione generalmente effettuata entro 24h lavorative.
🛒 Consulta il mio armadio per altre carte Pokémon e annunci simili.
💥 Acquistando più articoli puoi creare un set e ottenere sconti dedicati.

#PokemonTCG #Pokemon #Base #PokemonIta #CartaPokemon #CartePokemon",191646,Pokémon,15,,,,4875,,2,1,,,,,1.00,EUR,https://raw.githubusercontent.com/pandabayo/tcg-foto/main/_stage_git/Pokemon_Base_013_015_UNK_ITA_4-FRONTE.jpg,https://raw.githubusercontent.com/pandabayo/tcg-foto/main/_stage_git/Pokemon_Base_013_015_UNK_ITA_4-RETRO.jpg,,,,,,,,,,,,,,,,,,,Pokemon_Base_013_015_UNK_ITA_4,,,,,,,,
,Base 005/015 Pokémon TCG ITA,"🎴 Vendo carta Pokémon TCG Base 005/015 in ita originale.
✨ Carta Pokémon singola dell'espansione Espansione Sconosciuta (UNK), ideale per collezionisti e giocatori Pokémon TCG.

📋 Dettagli:
Nome: Base
Numero: 005/015
Espansione: Espansione Sconosciuta (UNK)
Lingua: ITA
Condizioni: Ottime Condizioni

📸 Riceverai esattamente ciò che vedi in foto. Le foto sono parte integrante della descrizione.
📦 La carta verrà spedita protetta con sleeve e/o supporto rigido per garantirne la massima sicurezza durante il trasporto.
🚚 Spedizione generalmente effettuata entro 24h lavorative.
🛒 Consulta il mio armadio per altre carte Pokémon e annunci simili.
💥 Acquistando più articoli puoi creare un set e ottenere sconti dedicati.

#PokemonTCG #Pokemon #Base #PokemonIta #CartaPokemon #CartePokemon",191646,Pokémon,15,,,,4875,,2,1,,,,,1.00,EUR,https://raw.githubusercontent.com/pandabayo/tcg-foto/main/_stage_git/Pokemon_Base_005_015_UNK_ITA_5-FRONTE.jpg,https://raw.githubusercontent.com/pandabayo/tcg-foto/main/_stage_git/Pokemon_Base_005_015_UNK_ITA_5-RETRO.jpg,,,,,,,,,,,,,,,,,,,Pokemon_Base_005_015_UNK_ITA_5,,,,,,,,
,Base 092/172 Pokémon TCG ITA,"🎴 Vendo carta Pokémon TCG Base 092/172 in ita originale.
✨ Carta Pokémon singola dell'espansione Espansione Sconosciuta (UNK), ideale per collezionisti e giocatori Pokémon TCG.

📋 Dettagli:
Nome: Base
Numero: 092/172
Espansione: Espansione Sconosciuta (UNK)
Lingua: ITA
Condizioni: Ottime Condizioni

📸 Riceverai esattamente ciò che vedi in foto. Le foto sono parte integrante della descrizione.
📦 La carta verrà spedita protetta con sleeve e/o supporto rigido per garantirne la massima sicurezza durante il trasporto.
🚚 Spedizione generalmente effettuata entro 24h lavorative.
🛒 Consulta il mio armadio per altre carte Pokémon e annunci simili.
💥 Acquistando più articoli puoi creare un set e ottenere sconti dedicati.

#PokemonTCG #Pokemon #Base #PokemonIta #CartaPokemon #CartePokemon",191646,Pokémon,15,,,,4875,,2,1,,,,,1.00,EUR,https://raw.githubusercontent.com/pandabayo/tcg-foto/main/_stage_git/Pokemon_Base_092_172_UNK_ITA_6-FRONTE.jpg,https://raw.githubusercontent.com/pandabayo/tcg-foto/main/_stage_git/Pokemon_Base_092_172_UNK_ITA_6-RETRO.jpg,,,,,,,,,,,,,,,,,,,Pokemon_Base_092_172_UNK_ITA_6,,,,,,,,
,Fase 038/189 Pokémon TCG ITA,"🎴 Vendo carta Pokémon TCG Fase 038/189 in ita originale.
✨ Carta Pokémon singola dell'espansione Espansione Sconosciuta (UNK), ideale per collezionisti e giocatori Pokémon TCG.

📋 Dettagli:
Nome: Fase
Numero: 038/189
Espansione: Espansione Sconosciuta (UNK)
Lingua: ITA
Condizioni: Ottime Condizioni

📸 Riceverai esattamente ciò che vedi in foto. Le foto sono parte integrante della descrizione.
📦 La carta verrà spedita protetta con sleeve e/o supporto rigido per garantirne la massima sicurezza durante il trasporto.
🚚 Spedizione generalmente effettuata entro 24h lavorative.
🛒 Consulta il mio armadio per altre carte Pokémon e annunci simili.
💥 Acquistando più articoli puoi creare un set e ottenere sconti dedicati.

#PokemonTCG #Pokemon #Fase #PokemonIta #CartaPokemon #CartePokemon",191646,Pokémon,15,,,,4875,,2,1,,,,,1.00,EUR,https://raw.githubusercontent.com/pandabayo/tcg-foto/main/_stage_git/Pokemon_Fase_038_189_UNK_ITA_7-FRONTE.jpg,https://raw.githubusercontent.com/pandabayo/tcg-foto/main/_stage_git/Pokemon_Fase_038_189_UNK_ITA_7-RETRO.jpg,,,,,,,,,,,,,,,,,,,Pokemon_Fase_038_189_UNK_ITA_7,,,,,,,,
,Fase 109/172 Pokémon TCG ITA,"🎴 Vendo carta Pokémon TCG Fase 109/172 in ita originale.
✨ Carta Pokémon singola dell'espansione Espansione Sconosciuta (UNK), ideale per collezionisti e giocatori Pokémon TCG.

📋 Dettagli:
Nome: Fase
Numero: 109/172
Espansione: Espansione Sconosciuta (UNK)
Lingua: ITA
Condizioni: Ottime Condizioni

📸 Riceverai esattamente ciò che vedi in foto. Le foto sono parte integrante della descrizione.
📦 La carta verrà spedita protetta con sleeve e/o supporto rigido per garantirne la massima sicurezza durante il trasporto.
🚚 Spedizione generalmente effettuata entro 24h lavorative.
🛒 Consulta il mio armadio per altre carte Pokémon e annunci simili.
💥 Acquistando più articoli puoi creare un set e ottenere sconti dedicati.

#PokemonTCG #Pokemon #Fase #PokemonIta #CartaPokemon #CartePokemon",191646,Pokémon,15,,,,4875,,2,1,,,,,1.00,EUR,https://raw.githubusercontent.com/pandabayo/tcg-foto/main/_stage_git/Pokemon_Fase_109_172_UNK_ITA_8-FRONTE.jpg,https://raw.githubusercontent.com/pandabayo/tcg-foto/main/_stage_git/Pokemon_Fase_109_172_UNK_ITA_8-RETRO.jpg,,,,,,,,,,,,,,,,,,,Pokemon_Fase_109_172_UNK_ITA_8,,,,,,,,
,Base 004/015 Pokémon TCG ITA,"🎴 Vendo carta Pokémon TCG Base 004/015 in ita originale.
✨ Carta Pokémon singola dell'espansione Espansione Sconosciuta (UNK), ideale per collezionisti e giocatori Pokémon TCG.

📋 Dettagli:
Nome: Base
Numero: 004/015
Espansione: Espansione Sconosciuta (UNK)
Lingua: ITA
Condizioni: Ottime Condizioni

📸 Riceverai esattamente ciò che vedi in foto. Le foto sono parte integrante della descrizione.
📦 La carta verrà spedita protetta con sleeve e/o supporto rigido per garantirne la massima sicurezza durante il trasporto.
🚚 Spedizione generalmente effettuata entro 24h lavorative.
🛒 Consulta il mio armadio per altre carte Pokémon e annunci simili.
💥 Acquistando più articoli puoi creare un set e ottenere sconti dedicati.

#PokemonTCG #Pokemon #Base #PokemonIta #CartaPokemon #CartePokemon",191646,Pokémon,15,,,,4875,,2,1,,,,,1.00,EUR,https://raw.githubusercontent.com/pandabayo/tcg-foto/main/_stage_git/Pokemon_Base_004_015_UNK_ITA_9-FRONTE.jpg,https://raw.githubusercontent.com/pandabayo/tcg-foto/main/_stage_git/Pokemon_Base_004_015_UNK_ITA_9-RETRO.jpg,,,,,,,,,,,,,,,,,,,Pokemon_Base_004_015_UNK_ITA_9,,,,,,,,
,Base 98/145 Pokémon TCG ITA,"🎴 Vendo carta Pokémon TCG Base 98/145 in ita originale.
✨ Carta Pokémon singola dell'espansione Espansione Sconosciuta (UNK), ideale per collezionisti e giocatori Pokémon TCG.

📋 Dettagli:
Nome: Base
Numero: 98/145
Espansione: Espansione Sconosciuta (UNK)
Lingua: ITA
Condizioni: Ottime Condizioni

📸 Riceverai esattamente ciò che vedi in foto. Le foto sono parte integrante della descrizione.
📦 La carta verrà spedita protetta con sleeve e/o supporto rigido per garantirne la massima sicurezza durante il trasporto.
🚚 Spedizione generalmente effettuata entro 24h lavorative.
🛒 Consulta il mio armadio per altre carte Pokémon e annunci simili.
💥 Acquistando più articoli puoi creare un set e ottenere sconti dedicati.

#PokemonTCG #Pokemon #Base #PokemonIta #CartaPokemon #CartePokemon",191646,Pokémon,15,,,,4875,,2,1,,,,,1.00,EUR,https://raw.githubusercontent.com/pandabayo/tcg-foto/main/_stage_git/Pokemon_Base_98_145_UNK_ITA_10-FRONTE.jpg,https://raw.githubusercontent.com/pandabayo/tcg-foto/main/_stage_git/Pokemon_Base_98_145_UNK_ITA_10-RETRO.jpg,,,,,,,,,,,,,,,,,,,Pokemon_Base_98_145_UNK_ITA_10,,,,,,,,
,Fase 051/172 Pokémon TCG ITA,"🎴 Vendo carta Pokémon TCG Fase 051/172 in ita originale.
✨ Carta Pokémon singola dell'espansione Espansione Sconosciuta (UNK), ideale per collezionisti e giocatori Pokémon TCG.

📋 Dettagli:
Nome: Fase
Numero: 051/172
Espansione: Espansione Sconosciuta (UNK)
Lingua: ITA
Condizioni: Ottime Condizioni

📸 Riceverai esattamente ciò che vedi in foto. Le foto sono parte integrante della descrizione.
📦 La carta verrà spedita protetta con sleeve e/o supporto rigido per garantirne la massima sicurezza durante il trasporto.
🚚 Spedizione generalmente effettuata entro 24h lavorative.
🛒 Consulta il mio armadio per altre carte Pokémon e annunci simili.
💥 Acquistando più articoli puoi creare un set e ottenere sconti dedicati.

#PokemonTCG #Pokemon #Fase #PokemonIta #CartaPokemon #CartePokemon",191646,Pokémon,15,,,,4875,,2,1,,,,,1.00,EUR,https://raw.githubusercontent.com/pandabayo/tcg-foto/main/_stage_git/Pokemon_Fase_051_172_UNK_ITA_11-FRONTE.jpg,https://raw.githubusercontent.com/pandabayo/tcg-foto/main/_stage_git/Pokemon_Fase_051_172_UNK_ITA_11-RETRO.jpg,,,,,,,,,,,,,,,,,,,Pokemon_Fase_051_172_UNK_ITA_11,,,,,,,,
,Ball 132/159 Pokémon TCG ITA,"🎴 Vendo carta Pokémon TCG Ball 132/159 in ita originale.
✨ Carta Pokémon singola dell'espansione Espansione Sconosciuta (UNK), ideale per collezionisti e giocatori Pokémon TCG.

📋 Dettagli:
Nome: Ball
Numero: 132/159
Espansione: Espansione Sconosciuta (UNK)
Lingua: ITA
Condizioni: Ottime Condizioni

📸 Riceverai esattamente ciò che vedi in foto. Le foto sono parte integrante della descrizione.
📦 La carta verrà spedita protetta con sleeve e/o supporto rigido per garantirne la massima sicurezza durante il trasporto.
🚚 Spedizione generalmente effettuata entro 24h lavorative.
🛒 Consulta il mio armadio per altre carte Pokémon e annunci simili.
💥 Acquistando più articoli puoi creare un set e ottenere sconti dedicati.

#PokemonTCG #Pokemon #Ball #PokemonIta #CartaPokemon #CartePokemon",191646,Pokémon,15,,,,4875,,2,1,,,,,1.00,EUR,https://raw.githubusercontent.com/pandabayo/tcg-foto/main/_stage_git/Pokemon_Ball_132_159_UNK_ITA_12-FRONTE.jpg,https://raw.githubusercontent.com/pandabayo/tcg-foto/main/_stage_git/Pokemon_Ball_132_159_UNK_ITA_12-RETRO.jpg,,,,,,,,,,,,,,,,,,,Pokemon_Ball_132_159_UNK_ITA_12,,,,,,,,
,Base 124/172 Pokémon TCG ITA,"🎴 Vendo carta Pokémon TCG Base 124/172 in ita originale.
✨ Carta Pokémon singola dell'espansione Espansione Sconosciuta (UNK), ideale per collezionisti e giocatori Pokémon TCG.

📋 Dettagli:
Nome: Base
Numero: 124/172
Espansione: Espansione Sconosciuta (UNK)
Lingua: ITA
Condizioni: Ottime Condizioni

📸 Riceverai esattamente ciò che vedi in foto. Le foto sono parte integrante della descrizione.
📦 La carta verrà spedita protetta con sleeve e/o supporto rigido per garantirne la massima sicurezza durante il trasporto.
🚚 Spedizione generalmente effettuata entro 24h lavorative.
🛒 Consulta il mio armadio per altre carte Pokémon e annunci simili.
💥 Acquistando più articoli puoi creare un set e ottenere sconti dedicati.

#PokemonTCG #Pokemon #Base #PokemonIta #CartaPokemon #CartePokemon",191646,Pokémon,15,,,,4875,,2,1,,,,,1.00,EUR,https://raw.githubusercontent.com/pandabayo/tcg-foto/main/_stage_git/Pokemon_Base_124_172_UNK_ITA_13-FRONTE.jpg,https://raw.githubusercontent.com/pandabayo/tcg-foto/main/_stage_git/Pokemon_Base_124_172_UNK_ITA_13-RETRO.jpg,,,,,,,,,,,,,,,,,,,Pokemon_Base_124_172_UNK_ITA_13,,,,,,,,
,Ball 132/159 Pokémon TCG ITA,"🎴 Vendo carta Pokémon TCG Ball 132/159 in ita originale.
✨ Carta Pokémon singola dell'espansione Espansione Sconosciuta (UNK), ideale per collezionisti e giocatori Pokémon TCG.

📋 Dettagli:
Nome: Ball
Numero: 132/159
Espansione: Espansione Sconosciuta (UNK)
Lingua: ITA
Condizioni: Ottime Condizioni

📸 Riceverai esattamente ciò che vedi in foto. Le foto sono parte integrante della descrizione.
📦 La carta verrà spedita protetta con sleeve e/o supporto rigido per garantirne la massima sicurezza durante il trasporto.
🚚 Spedizione generalmente effettuata entro 24h lavorative.
🛒 Consulta il mio armadio per altre carte Pokémon e annunci simili.
💥 Acquistando più articoli puoi creare un set e ottenere sconti dedicati.

#PokemonTCG #Pokemon #Ball #PokemonIta #CartaPokemon #CartePokemon",191646,Pokémon,15,,,,4875,,2,1,,,,,1.00,EUR,https://raw.githubusercontent.com/pandabayo/tcg-foto/main/_stage_git/Pokemon_Ball_132_159_UNK_ITA_14-FRONTE.jpg,https://raw.githubusercontent.com/pandabayo/tcg-foto/main/_stage_git/Pokemon_Ball_132_159_UNK_ITA_14-RETRO.jpg,,,,,,,,,,,,,,,,,,,Pokemon_Ball_132_159_UNK_ITA_14,,,,,,,,
,Fase 059/189 Pokémon TCG ITA,"🎴 Vendo carta Pokémon TCG Fase 059/189 in ita originale.
✨ Carta Pokémon singola dell'espansione Espansione Sconosciuta (UNK), ideale per collezionisti e giocatori Pokémon TCG.

📋 Dettagli:
Nome: Fase
Numero: 059/189
Espansione: Espansione Sconosciuta (UNK)
Lingua: ITA
Condizioni: Ottime Condizioni

📸 Riceverai esattamente ciò che vedi in foto. Le foto sono parte integrante della descrizione.
📦 La carta verrà spedita protetta con sleeve e/o supporto rigido per garantirne la massima sicurezza durante il trasporto.
🚚 Spedizione generalmente effettuata entro 24h lavorative.
🛒 Consulta il mio armadio per altre carte Pokémon e annunci simili.
💥 Acquistando più articoli puoi creare un set e ottenere sconti dedicati.

#PokemonTCG #Pokemon #Fase #PokemonIta #CartaPokemon #CartePokemon",191646,Pokémon,15,,,,4875,,2,1,,,,,1.00,EUR,https://raw.githubusercontent.com/pandabayo/tcg-foto/main/_stage_git/Pokemon_Fase_059_189_UNK_ITA_15-FRONTE.jpg,https://raw.githubusercontent.com/pandabayo/tcg-foto/main/_stage_git/Pokemon_Fase_059_189_UNK_ITA_15-RETRO.jpg,,,,,,,,,,,,,,,,,,,Pokemon_Fase_059_189_UNK_ITA_15,,,,,,,,
,Fasel 091/189 Pokémon TCG ITA,"🎴 Vendo carta Pokémon TCG Fasel 091/189 in ita originale.
✨ Carta Pokémon singola dell'espansione Espansione Sconosciuta (UNK), ideale per collezionisti e giocatori Pokémon TCG.

📋 Dettagli:
Nome: Fasel
Numero: 091/189
Espansione: Espansione Sconosciuta (UNK)
Lingua: ITA
Condizioni: Ottime Condizioni

📸 Riceverai esattamente ciò che vedi in foto. Le foto sono parte integrante della descrizione.
📦 La carta verrà spedita protetta con sleeve e/o supporto rigido per garantirne la massima sicurezza durante il trasporto.
🚚 Spedizione generalmente effettuata entro 24h lavorative.
🛒 Consulta il mio armadio per altre carte Pokémon e annunci simili.
💥 Acquistando più articoli puoi creare un set e ottenere sconti dedicati.

#PokemonTCG #Pokemon #Fasel #PokemonIta #CartaPokemon #CartePokemon",191646,Pokémon,15,,,,4875,,2,1,,,,,1.00,EUR,https://raw.githubusercontent.com/pandabayo/tcg-foto/main/_stage_git/Pokemon_Fasel_091_189_UNK_ITA_16-FRONTE.jpg,https://raw.githubusercontent.com/pandabayo/tcg-foto/main/_stage_git/Pokemon_Fasel_091_189_UNK_ITA_16-RETRO.jpg,,,,,,,,,,,,,,,,,,,Pokemon_Fasel_091_189_UNK_ITA_16,,,,,,,,
,Base 018/091 Pokémon TCG ITA,"🎴 Vendo carta Pokémon TCG Base 018/091 in ita originale.
✨ Carta Pokémon singola dell'espansione Paldean Fates (PAF), ideale per collezionisti e giocatori Pokémon TCG.

📋 Dettagli:
Nome: Base
Numero: 018/091
Espansione: Paldean Fates (PAF)
Lingua: ITA
Condizioni: Ottime Condizioni

📸 Riceverai esattamente ciò che vedi in foto. Le foto sono parte integrante della descrizione.
📦 La carta verrà spedita protetta con sleeve e/o supporto rigido per garantirne la massima sicurezza durante il trasporto.
🚚 Spedizione generalmente effettuata entro 24h lavorative.
🛒 Consulta il mio armadio per altre carte Pokémon e annunci simili.
💥 Acquistando più articoli puoi creare un set e ottenere sconti dedicati.

#PokemonTCG #Pokemon #Base #PokemonIta #CartaPokemon #CartePokemon #PAF",191646,Pokémon,15,,,,4875,,2,1,,,,,1.00,EUR,https://raw.githubusercontent.com/pandabayo/tcg-foto/main/_stage_git/Pokemon_Base_018_091_PAF_ITA_17-FRONTE.jpg,https://raw.githubusercontent.com/pandabayo/tcg-foto/main/_stage_git/Pokemon_Base_018_091_PAF_ITA_17-RETRO.jpg,,,,,,,,,,,,,,,,,,,Pokemon_Base_018_091_PAF_ITA_17,,,,,,,,
,Aluto 129/172 Pokémon TCG ITA,"🎴 Vendo carta Pokémon TCG Aluto 129/172 in ita originale.
✨ Carta Pokémon singola dell'espansione Espansione Sconosciuta (UNK), ideale per collezionisti e giocatori Pokémon TCG.

📋 Dettagli:
Nome: Aluto
Numero: 129/172
Espansione: Espansione Sconosciuta (UNK)
Lingua: ITA
Condizioni: Ottime Condizioni

📸 Riceverai esattamente ciò che vedi in foto. Le foto sono parte integrante della descrizione.
📦 La carta verrà spedita protetta con sleeve e/o supporto rigido per garantirne la massima sicurezza durante il trasporto.
🚚 Spedizione generalmente effettuata entro 24h lavorative.
🛒 Consulta il mio armadio per altre carte Pokémon e annunci simili.
💥 Acquistando più articoli puoi creare un set e ottenere sconti dedicati.

#PokemonTCG #Pokemon #Aluto #PokemonIta #CartaPokemon #CartePokemon",191646,Pokémon,15,,,,4875,,2,1,,,,,1.00,EUR,https://raw.githubusercontent.com/pandabayo/tcg-foto/main/_stage_git/Pokemon_Aluto_129_172_UNK_ITA_18-FRONTE.jpg,https://raw.githubusercontent.com/pandabayo/tcg-foto/main/_stage_git/Pokemon_Aluto_129_172_UNK_ITA_18-RETRO.jpg,,,,,,,,,,,,,,,,,,,Pokemon_Aluto_129_172_UNK_ITA_18,,,,,,,,
,Ajuto 150/189 Pokémon TCG ITA,"🎴 Vendo carta Pokémon TCG Ajuto 150/189 in ita originale.
✨ Carta Pokémon singola dell'espansione Espansione Sconosciuta (UNK), ideale per collezionisti e giocatori Pokémon TCG.

📋 Dettagli:
Nome: Ajuto
Numero: 150/189
Espansione: Espansione Sconosciuta (UNK)
Lingua: ITA
Condizioni: Ottime Condizioni

📸 Riceverai esattamente ciò che vedi in foto. Le foto sono parte integrante della descrizione.
📦 La carta verrà spedita protetta con sleeve e/o supporto rigido per garantirne la massima sicurezza durante il trasporto.
🚚 Spedizione generalmente effettuata entro 24h lavorative.
🛒 Consulta il mio armadio per altre carte Pokémon e annunci simili.
💥 Acquistando più articoli puoi creare un set e ottenere sconti dedicati.

#PokemonTCG #Pokemon #Ajuto #PokemonIta #CartaPokemon #CartePokemon",191646,Pokémon,15,,,,4875,,2,1,,,,,1.00,EUR,https://raw.githubusercontent.com/pandabayo/tcg-foto/main/_stage_git/Pokemon_Ajuto_150_189_UNK_ITA_19-FRONTE.jpg,https://raw.githubusercontent.com/pandabayo/tcg-foto/main/_stage_git/Pokemon_Ajuto_150_189_UNK_ITA_19-RETRO.jpg,,,,,,,,,,,,,,,,,,,Pokemon_Ajuto_150_189_UNK_ITA_19,,,,,,,,
,Pok 137/159 Pokémon TCG ITA,"🎴 Vendo carta Pokémon TCG Pok 137/159 in ita originale.
✨ Carta Pokémon singola dell'espansione Espansione Sconosciuta (UNK), ideale per collezionisti e giocatori Pokémon TCG.

📋 Dettagli:
Nome: Pok
Numero: 137/159
Espansione: Espansione Sconosciuta (UNK)
Lingua: ITA
Condizioni: Ottime Condizioni

📸 Riceverai esattamente ciò che vedi in foto. Le foto sono parte integrante della descrizione.
📦 La carta verrà spedita protetta con sleeve e/o supporto rigido per garantirne la massima sicurezza durante il trasporto.
🚚 Spedizione generalmente effettuata entro 24h lavorative.
🛒 Consulta il mio armadio per altre carte Pokémon e annunci simili.
💥 Acquistando più articoli puoi creare un set e ottenere sconti dedicati.

#PokemonTCG #Pokemon #Pok #PokemonIta #CartaPokemon #CartePokemon",191646,Pokémon,15,,,,4875,,2,1,,,,,1.00,EUR,https://raw.githubusercontent.com/pandabayo/tcg-foto/main/_stage_git/Pokemon_Pok_137_159_UNK_ITA_20-FRONTE.jpg,https://raw.githubusercontent.com/pandabayo/tcg-foto/main/_stage_git/Pokemon_Pok_137_159_UNK_ITA_20-RETRO.jpg,,,,,,,,,,,,,,,,,,,Pokemon_Pok_137_159_UNK_ITA_20,,,,,,,,
,Base 018/091 Pokémon TCG ITA,"🎴 Vendo carta Pokémon TCG Base 018/091 in ita originale.
✨ Carta Pokémon singola dell'espansione Paldean Fates (PAF), ideale per collezionisti e giocatori Pokémon TCG.

📋 Dettagli:
Nome: Base
Numero: 018/091
Espansione: Paldean Fates (PAF)
Lingua: ITA
Condizioni: Ottime Condizioni

📸 Riceverai esattamente ciò che vedi in foto. Le foto sono parte integrante della descrizione.
📦 La carta verrà spedita protetta con sleeve e/o supporto rigido per garantirne la massima sicurezza durante il trasporto.
🚚 Spedizione generalmente effettuata entro 24h lavorative.
🛒 Consulta il mio armadio per altre carte Pokémon e annunci simili.
💥 Acquistando più articoli puoi creare un set e ottenere sconti dedicati.

#PokemonTCG #Pokemon #Base #PokemonIta #CartaPokemon #CartePokemon #PAF",191646,Pokémon,15,,,,4875,,2,1,,,,,1.00,EUR,https://raw.githubusercontent.com/pandabayo/tcg-foto/main/_stage_git/Pokemon_Base_018_091_PAF_ITA_21-FRONTE.jpg,https://raw.githubusercontent.com/pandabayo/tcg-foto/main/_stage_git/Pokemon_Base_018_091_PAF_ITA_21-RETRO.jpg,,,,,,,,,,,,,,,,,,,Pokemon_Base_018_091_PAF_ITA_21,,,,,,,,
,Base 014/015 Pokémon TCG ITA,"🎴 Vendo carta Pokémon TCG Base 014/015 in ita originale.
✨ Carta Pokémon singola dell'espansione Espansione Sconosciuta (UNK), ideale per collezionisti e giocatori Pokémon TCG.

📋 Dettagli:
Nome: Base
Numero: 014/015
Espansione: Espansione Sconosciuta (UNK)
Lingua: ITA
Condizioni: Ottime Condizioni

📸 Riceverai esattamente ciò che vedi in foto. Le foto sono parte integrante della descrizione.
📦 La carta verrà spedita protetta con sleeve e/o supporto rigido per garantirne la massima sicurezza durante il trasporto.
🚚 Spedizione generalmente effettuata entro 24h lavorative.
🛒 Consulta il mio armadio per altre carte Pokémon e annunci simili.
💥 Acquistando più articoli puoi creare un set e ottenere sconti dedicati.

#PokemonTCG #Pokemon #Base #PokemonIta #CartaPokemon #CartePokemon",191646,Pokémon,15,,,,4875,,2,1,,,,,1.00,EUR,https://raw.githubusercontent.com/pandabayo/tcg-foto/main/_stage_git/Pokemon_Base_014_015_UNK_ITA_22-FRONTE.jpg,https://raw.githubusercontent.com/pandabayo/tcg-foto/main/_stage_git/Pokemon_Base_014_015_UNK_ITA_22-RETRO.jpg,,,,,,,,,,,,,,,,,,,Pokemon_Base_014_015_UNK_ITA_22,,,,,,,,
,Recupero 127/159 Pokémon TCG ITA,"🎴 Vendo carta Pokémon TCG Recupero 127/159 in ita originale.
✨ Carta Pokémon singola dell'espansione Espansione Sconosciuta (UNK), ideale per collezionisti e giocatori Pokémon TCG.

📋 Dettagli:
Nome: Recupero
Numero: 127/159
Espansione: Espansione Sconosciuta (UNK)
Lingua: ITA
Condizioni: Ottime Condizioni

📸 Riceverai esattamente ciò che vedi in foto. Le foto sono parte integrante della descrizione.
📦 La carta verrà spedita protetta con sleeve e/o supporto rigido per garantirne la massima sicurezza durante il trasporto.
🚚 Spedizione generalmente effettuata entro 24h lavorative.
🛒 Consulta il mio armadio per altre carte Pokémon e annunci simili.
💥 Acquistando più articoli puoi creare un set e ottenere sconti dedicati.

#PokemonTCG #Pokemon #Recupero #PokemonIta #CartaPokemon #CartePokemon",191646,Pokémon,15,,,,4875,,2,1,,,,,1.00,EUR,https://raw.githubusercontent.com/pandabayo/tcg-foto/main/_stage_git/Pokemon_Recupero_127_159_UNK_ITA_23-FRONTE.jpg,https://raw.githubusercontent.com/pandabayo/tcg-foto/main/_stage_git/Pokemon_Recupero_127_159_UNK_ITA_23-RETRO.jpg,,,,,,,,,,,,,,,,,,,Pokemon_Recupero_127_159_UNK_ITA_23,,,,,,,,
,Base 001/001 Pokémon TCG ITA,"🎴 Vendo carta Pokémon TCG Base 001/001 in ita originale.
✨ Carta Pokémon singola dell'espansione Espansione Sconosciuta (UNK), ideale per collezionisti e giocatori Pokémon TCG.

📋 Dettagli:
Nome: Base
Numero: 001/001
Espansione: Espansione Sconosciuta (UNK)
Lingua: ITA
Condizioni: Ottime Condizioni

📸 Riceverai esattamente ciò che vedi in foto. Le foto sono parte integrante della descrizione.
📦 La carta verrà spedita protetta con sleeve e/o supporto rigido per garantirne la massima sicurezza durante il trasporto.
🚚 Spedizione generalmente effettuata entro 24h lavorative.
🛒 Consulta il mio armadio per altre carte Pokémon e annunci simili.
💥 Acquistando più articoli puoi creare un set e ottenere sconti dedicati.

#PokemonTCG #Pokemon #Base #PokemonIta #CartaPokemon #CartePokemon",191646,Pokémon,15,,,,4875,,2,1,,,,,1.00,EUR,https://raw.githubusercontent.com/pandabayo/tcg-foto/main/_stage_git/Pokemon_Base_001_001_UNK_ITA_24-FRONTE.jpg,https://raw.githubusercontent.com/pandabayo/tcg-foto/main/_stage_git/Pokemon_Base_001_001_UNK_ITA_24-RETRO.jpg,,,,,,,,,,,,,,,,,,,Pokemon_Base_001_001_UNK_ITA_24,,,,,,,,
,Base 137/189 Pokémon TCG ITA,"🎴 Vendo carta Pokémon TCG Base 137/189 in ita originale.
✨ Carta Pokémon singola dell'espansione Espansione Sconosciuta (UNK), ideale per collezionisti e giocatori Pokémon TCG.

📋 Dettagli:
Nome: Base
Numero: 137/189
Espansione: Espansione Sconosciuta (UNK)
Lingua: ITA
Condizioni: Ottime Condizioni

📸 Riceverai esattamente ciò che vedi in foto. Le foto sono parte integrante della descrizione.
📦 La carta verrà spedita protetta con sleeve e/o supporto rigido per garantirne la massima sicurezza durante il trasporto.
🚚 Spedizione generalmente effettuata entro 24h lavorative.
🛒 Consulta il mio armadio per altre carte Pokémon e annunci simili.
💥 Acquistando più articoli puoi creare un set e ottenere sconti dedicati.

#PokemonTCG #Pokemon #Base #PokemonIta #CartaPokemon #CartePokemon",191646,Pokémon,15,,,,4875,,2,1,,,,,1.00,EUR,https://raw.githubusercontent.com/pandabayo/tcg-foto/main/_stage_git/Pokemon_Base_137_189_UNK_ITA_25-FRONTE.jpg,https://raw.githubusercontent.com/pandabayo/tcg-foto/main/_stage_git/Pokemon_Base_137_189_UNK_ITA_25-RETRO.jpg,,,,,,,,,,,,,,,,,,,Pokemon_Base_137_189_UNK_ITA_25,,,,,,,,
,Train 001/001 Pokémon TCG ITA,"🎴 Vendo carta Pokémon TCG Train 001/001 in ita originale.
✨ Carta Pokémon singola dell'espansione Espansione Sconosciuta (UNK), ideale per collezionisti e giocatori Pokémon TCG.

📋 Dettagli:
Nome: Train
Numero: 001/001
Espansione: Espansione Sconosciuta (UNK)
Lingua: ITA
Condizioni: Ottime Condizioni

📸 Riceverai esattamente ciò che vedi in foto. Le foto sono parte integrante della descrizione.
📦 La carta verrà spedita protetta con sleeve e/o supporto rigido per garantirne la massima sicurezza durante il trasporto.
🚚 Spedizione generalmente effettuata entro 24h lavorative.
🛒 Consulta il mio armadio per altre carte Pokémon e annunci simili.
💥 Acquistando più articoli puoi creare un set e ottenere sconti dedicati.

#PokemonTCG #Pokemon #Train #PokemonIta #CartaPokemon #CartePokemon",191646,Pokémon,15,,,,4875,,2,1,,,,,1.00,EUR,https://raw.githubusercontent.com/pandabayo/tcg-foto/main/_stage_git/Pokemon_Train_001_001_UNK_ITA_26-FRONTE.jpg,https://raw.githubusercontent.com/pandabayo/tcg-foto/main/_stage_git/Pokemon_Train_001_001_UNK_ITA_26-RETRO.jpg,,,,,,,,,,,,,,,,,,,Pokemon_Train_001_001_UNK_ITA_26,,,,,,,,
,Fase 029/195 Pokémon TCG ITA,"🎴 Vendo carta Pokémon TCG Fase 029/195 in ita originale.
✨ Carta Pokémon singola dell'espansione Espansione Sconosciuta (UNK), ideale per collezionisti e giocatori Pokémon TCG.

📋 Dettagli:
Nome: Fase
Numero: 029/195
Espansione: Espansione Sconosciuta (UNK)
Lingua: ITA
Condizioni: Ottime Condizioni

📸 Riceverai esattamente ciò che vedi in foto. Le foto sono parte integrante della descrizione.
📦 La carta verrà spedita protetta con sleeve e/o supporto rigido per garantirne la massima sicurezza durante il trasporto.
🚚 Spedizione generalmente effettuata entro 24h lavorative.
🛒 Consulta il mio armadio per altre carte Pokémon e annunci simili.
💥 Acquistando più articoli puoi creare un set e ottenere sconti dedicati.

#PokemonTCG #Pokemon #Fase #PokemonIta #CartaPokemon #CartePokemon",191646,Pokémon,15,,,,4875,,2,1,,,,,1.00,EUR,https://raw.githubusercontent.com/pandabayo/tcg-foto/main/_stage_git/Pokemon_Fase_029_195_UNK_ITA_27-FRONTE.jpg,https://raw.githubusercontent.com/pandabayo/tcg-foto/main/_stage_git/Pokemon_Fase_029_195_UNK_ITA_27-RETRO.jpg,,,,,,,,,,,,,,,,,,,Pokemon_Fase_029_195_UNK_ITA_27,,,,,,,,
,Ultra 146/159 Pokémon TCG ITA,"🎴 Vendo carta Pokémon TCG Ultra 146/159 in ita originale.
✨ Carta Pokémon singola dell'espansione Espansione Sconosciuta (UNK), ideale per collezionisti e giocatori Pokémon TCG.

📋 Dettagli:
Nome: Ultra
Numero: 146/159
Espansione: Espansione Sconosciuta (UNK)
Lingua: ITA
Condizioni: Ottime Condizioni

📸 Riceverai esattamente ciò che vedi in foto. Le foto sono parte integrante della descrizione.
📦 La carta verrà spedita protetta con sleeve e/o supporto rigido per garantirne la massima sicurezza durante il trasporto.
🚚 Spedizione generalmente effettuata entro 24h lavorative.
🛒 Consulta il mio armadio per altre carte Pokémon e annunci simili.
💥 Acquistando più articoli puoi creare un set e ottenere sconti dedicati.

#PokemonTCG #Pokemon #Ultra #PokemonIta #CartaPokemon #CartePokemon",191646,Pokémon,15,,,,4875,,2,1,,,,,1.00,EUR,https://raw.githubusercontent.com/pandabayo/tcg-foto/main/_stage_git/Pokemon_Ultra_146_159_UNK_ITA_28-FRONTE.jpg,https://raw.githubusercontent.com/pandabayo/tcg-foto/main/_stage_git/Pokemon_Ultra_146_159_UNK_ITA_28-RETRO.jpg,,,,,,,,,,,,,,,,,,,Pokemon_Ultra_146_159_UNK_ITA_28,,,,,,,,
,Ultra 146/159 Pokémon TCG ITA,"🎴 Vendo carta Pokémon TCG Ultra 146/159 in ita originale.
✨ Carta Pokémon singola dell'espansione Espansione Sconosciuta (UNK), ideale per collezionisti e giocatori Pokémon TCG.

📋 Dettagli:
Nome: Ultra
Numero: 146/159
Espansione: Espansione Sconosciuta (UNK)
Lingua: ITA
Condizioni: Ottime Condizioni

📸 Riceverai esattamente ciò che vedi in foto. Le foto sono parte integrante della descrizione.
📦 La carta verrà spedita protetta con sleeve e/o supporto rigido per garantirne la massima sicurezza durante il trasporto.
🚚 Spedizione generalmente effettuata entro 24h lavorative.
🛒 Consulta il mio armadio per altre carte Pokémon e annunci simili.
💥 Acquistando più articoli puoi creare un set e ottenere sconti dedicati.

#PokemonTCG #Pokemon #Ultra #PokemonIta #CartaPokemon #CartePokemon",191646,Pokémon,15,,,,4875,,2,1,,,,,1.00,EUR,https://raw.githubusercontent.com/pandabayo/tcg-foto/main/_stage_git/Pokemon_Ultra_146_159_UNK_ITA_29-FRONTE.jpg,https://raw.githubusercontent.com/pandabayo/tcg-foto/main/_stage_git/Pokemon_Ultra_146_159_UNK_ITA_29-RETRO.jpg,,,,,,,,,,,,,,,,,,,Pokemon_Ultra_146_159_UNK_ITA_29,,,,,,,,
,Base 026/159 Pokémon TCG ITA,"🎴 Vendo carta Pokémon TCG Base 026/159 in ita originale.
✨ Carta Pokémon singola dell'espansione Espansione Sconosciuta (UNK), ideale per collezionisti e giocatori Pokémon TCG.

📋 Dettagli:
Nome: Base
Numero: 026/159
Espansione: Espansione Sconosciuta (UNK)
Lingua: ITA
Condizioni: Ottime Condizioni

📸 Riceverai esattamente ciò che vedi in foto. Le foto sono parte integrante della descrizione.
📦 La carta verrà spedita protetta con sleeve e/o supporto rigido per garantirne la massima sicurezza durante il trasporto.
🚚 Spedizione generalmente effettuata entro 24h lavorative.
🛒 Consulta il mio armadio per altre carte Pokémon e annunci simili.
💥 Acquistando più articoli puoi creare un set e ottenere sconti dedicati.

#PokemonTCG #Pokemon #Base #PokemonIta #CartaPokemon #CartePokemon",191646,Pokémon,15,,,,4875,,2,1,,,,,1.00,EUR,https://raw.githubusercontent.com/pandabayo/tcg-foto/main/_stage_git/Pokemon_Base_026_159_UNK_ITA_30-FRONTE.jpg,https://raw.githubusercontent.com/pandabayo/tcg-foto/main/_stage_git/Pokemon_Base_026_159_UNK_ITA_30-RETRO.jpg,,,,,,,,,,,,,,,,,,,Pokemon_Base_026_159_UNK_ITA_30,,,,,,,,
,Base 702/084 Pokémon TCG ITA,"🎴 Vendo carta Pokémon TCG Base 702/084 in ita originale.
✨ Carta Pokémon singola dell'espansione Espansione Sconosciuta (UNK), ideale per collezionisti e giocatori Pokémon TCG.

📋 Dettagli:
Nome: Base
Numero: 702/084
Espansione: Espansione Sconosciuta (UNK)
Lingua: ITA
Condizioni: Ottime Condizioni

📸 Riceverai esattamente ciò che vedi in foto. Le foto sono parte integrante della descrizione.
📦 La carta verrà spedita protetta con sleeve e/o supporto rigido per garantirne la massima sicurezza durante il trasporto.
🚚 Spedizione generalmente effettuata entro 24h lavorative.
🛒 Consulta il mio armadio per altre carte Pokémon e annunci simili.
💥 Acquistando più articoli puoi creare un set e ottenere sconti dedicati.

#PokemonTCG #Pokemon #Base #PokemonIta #CartaPokemon #CartePokemon",191646,Pokémon,15,,,,4875,,2,1,,,,,1.00,EUR,https://raw.githubusercontent.com/pandabayo/tcg-foto/main/_stage_git/Pokemon_Base_702_084_UNK_ITA_31-FRONTE.jpg,https://raw.githubusercontent.com/pandabayo/tcg-foto/main/_stage_git/Pokemon_Base_702_084_UNK_ITA_31-RETRO.jpg,,,,,,,,,,,,,,,,,,,Pokemon_Base_702_084_UNK_ITA_31,,,,,,,,
,Fasel 009/015 Pokémon TCG ITA,"🎴 Vendo carta Pokémon TCG Fasel 009/015 in ita originale.
✨ Carta Pokémon singola dell'espansione Espansione Sconosciuta (UNK), ideale per collezionisti e giocatori Pokémon TCG.

📋 Dettagli:
Nome: Fasel
Numero: 009/015
Espansione: Espansione Sconosciuta (UNK)
Lingua: ITA
Condizioni: Ottime Condizioni

📸 Riceverai esattamente ciò che vedi in foto. Le foto sono parte integrante della descrizione.
📦 La carta verrà spedita protetta con sleeve e/o supporto rigido per garantirne la massima sicurezza durante il trasporto.
🚚 Spedizione generalmente effettuata entro 24h lavorative.
🛒 Consulta il mio armadio per altre carte Pokémon e annunci simili.
💥 Acquistando più articoli puoi creare un set e ottenere sconti dedicati.

#PokemonTCG #Pokemon #Fasel #PokemonIta #CartaPokemon #CartePokemon",191646,Pokémon,15,,,,4875,,2,1,,,,,1.00,EUR,https://raw.githubusercontent.com/pandabayo/tcg-foto/main/_stage_git/Pokemon_Fasel_009_015_UNK_ITA_32-FRONTE.jpg,https://raw.githubusercontent.com/pandabayo/tcg-foto/main/_stage_git/Pokemon_Fasel_009_015_UNK_ITA_32-RETRO.jpg,,,,,,,,,,,,,,,,,,,Pokemon_Fasel_009_015_UNK_ITA_32,,,,,,,,
,Basig 116/191 Pokémon TCG ITA,"🎴 Vendo carta Pokémon TCG Basig 116/191 in ita originale.
✨ Carta Pokémon singola dell'espansione Surging Sparks (SSP), ideale per collezionisti e giocatori Pokémon TCG.

📋 Dettagli:
Nome: Basig
Numero: 116/191
Espansione: Surging Sparks (SSP)
Lingua: ITA
Condizioni: Ottime Condizioni

📸 Riceverai esattamente ciò che vedi in foto. Le foto sono parte integrante della descrizione.
📦 La carta verrà spedita protetta con sleeve e/o supporto rigido per garantirne la massima sicurezza durante il trasporto.
🚚 Spedizione generalmente effettuata entro 24h lavorative.
🛒 Consulta il mio armadio per altre carte Pokémon e annunci simili.
💥 Acquistando più articoli puoi creare un set e ottenere sconti dedicati.

#PokemonTCG #Pokemon #Basig #PokemonIta #CartaPokemon #CartePokemon #SSP",191646,Pokémon,15,,,,4875,,2,1,,,,,1.00,EUR,https://raw.githubusercontent.com/pandabayo/tcg-foto/main/_stage_git/Pokemon_Basig_116_191_SSP_ITA_33-FRONTE.jpg,https://raw.githubusercontent.com/pandabayo/tcg-foto/main/_stage_git/Pokemon_Basig_116_191_SSP_ITA_33-RETRO.jpg,,,,,,,,,,,,,,,,,,,Pokemon_Basig_116_191_SSP_ITA_33,,,,,,,,
,Ajuto 001/001 Pokémon TCG ITA,"🎴 Vendo carta Pokémon TCG Ajuto 001/001 in ita originale.
✨ Carta Pokémon singola dell'espansione Prismatic Evolutions (PRE), ideale per collezionisti e giocatori Pokémon TCG.

📋 Dettagli:
Nome: Ajuto
Numero: 001/001
Espansione: Prismatic Evolutions (PRE)
Lingua: ITA
Condizioni: Ottime Condizioni

📸 Riceverai esattamente ciò che vedi in foto. Le foto sono parte integrante della descrizione.
📦 La carta verrà spedita protetta con sleeve e/o supporto rigido per garantirne la massima sicurezza durante il trasporto.
🚚 Spedizione generalmente effettuata entro 24h lavorative.
🛒 Consulta il mio armadio per altre carte Pokémon e annunci simili.
💥 Acquistando più articoli puoi creare un set e ottenere sconti dedicati.

#PokemonTCG #Pokemon #Ajuto #PokemonIta #CartaPokemon #CartePokemon #PRE",191646,Pokémon,15,,,,4875,,2,1,,,,,1.00,EUR,https://raw.githubusercontent.com/pandabayo/tcg-foto/main/_stage_git/Pokemon_Ajuto_001_001_PRE_ITA_34-FRONTE.jpg,https://raw.githubusercontent.com/pandabayo/tcg-foto/main/_stage_git/Pokemon_Ajuto_001_001_PRE_ITA_34-RETRO.jpg,,,,,,,,,,,,,,,,,,,Pokemon_Ajuto_001_001_PRE_ITA_34,,,,,,,,
,Auto 001/001 Pokémon TCG ITA,"🎴 Vendo carta Pokémon TCG Auto 001/001 in ita originale.
✨ Carta Pokémon singola dell'espansione Espansione Sconosciuta (UNK), ideale per collezionisti e giocatori Pokémon TCG.

📋 Dettagli:
Nome: Auto
Numero: 001/001
Espansione: Espansione Sconosciuta (UNK)
Lingua: ITA
Condizioni: Ottime Condizioni

📸 Riceverai esattamente ciò che vedi in foto. Le foto sono parte integrante della descrizione.
📦 La carta verrà spedita protetta con sleeve e/o supporto rigido per garantirne la massima sicurezza durante il trasporto.
🚚 Spedizione generalmente effettuata entro 24h lavorative.
🛒 Consulta il mio armadio per altre carte Pokémon e annunci simili.
💥 Acquistando più articoli puoi creare un set e ottenere sconti dedicati.

#PokemonTCG #Pokemon #Auto #PokemonIta #CartaPokemon #CartePokemon",191646,Pokémon,15,,,,4875,,2,1,,,,,1.00,EUR,https://raw.githubusercontent.com/pandabayo/tcg-foto/main/_stage_git/Pokemon_Auto_001_001_UNK_ITA_35-FRONTE.jpg,https://raw.githubusercontent.com/pandabayo/tcg-foto/main/_stage_git/Pokemon_Auto_001_001_UNK_ITA_35-RETRO.jpg,,,,,,,,,,,,,,,,,,,Pokemon_Auto_001_001_UNK_ITA_35,,,,,,,,
,Aluto 231/090 Pokémon TCG ITA,"🎴 Vendo carta Pokémon TCG Aluto 231/090 in ita originale.
✨ Carta Pokémon singola dell'espansione Paldean Fates (PAF), ideale per collezionisti e giocatori Pokémon TCG.

📋 Dettagli:
Nome: Aluto
Numero: 231/090
Espansione: Paldean Fates (PAF)
Lingua: ITA
Condizioni: Ottime Condizioni

📸 Riceverai esattamente ciò che vedi in foto. Le foto sono parte integrante della descrizione.
📦 La carta verrà spedita protetta con sleeve e/o supporto rigido per garantirne la massima sicurezza durante il trasporto.
🚚 Spedizione generalmente effettuata entro 24h lavorative.
🛒 Consulta il mio armadio per altre carte Pokémon e annunci simili.
💥 Acquistando più articoli puoi creare un set e ottenere sconti dedicati.

#PokemonTCG #Pokemon #Aluto #PokemonIta #CartaPokemon #CartePokemon #PAF",191646,Pokémon,15,,,,4875,,2,1,,,,,1.00,EUR,https://raw.githubusercontent.com/pandabayo/tcg-foto/main/_stage_git/Pokemon_Aluto_231_090_PAF_ITA_36-FRONTE.jpg,https://raw.githubusercontent.com/pandabayo/tcg-foto/main/_stage_git/Pokemon_Aluto_231_090_PAF_ITA_36-RETRO.jpg,,,,,,,,,,,,,,,,,,,Pokemon_Aluto_231_090_PAF_ITA_36,,,,,,,,
,Aluto 190/195 Pokémon TCG ITA,"🎴 Vendo carta Pokémon TCG Aluto 190/195 in ita originale.
✨ Carta Pokémon singola dell'espansione Espansione Sconosciuta (UNK), ideale per collezionisti e giocatori Pokémon TCG.

📋 Dettagli:
Nome: Aluto
Numero: 190/195
Espansione: Espansione Sconosciuta (UNK)
Lingua: ITA
Condizioni: Ottime Condizioni

📸 Riceverai esattamente ciò che vedi in foto. Le foto sono parte integrante della descrizione.
📦 La carta verrà spedita protetta con sleeve e/o supporto rigido per garantirne la massima sicurezza durante il trasporto.
🚚 Spedizione generalmente effettuata entro 24h lavorative.
🛒 Consulta il mio armadio per altre carte Pokémon e annunci simili.
💥 Acquistando più articoli puoi creare un set e ottenere sconti dedicati.

#PokemonTCG #Pokemon #Aluto #PokemonIta #CartaPokemon #CartePokemon",191646,Pokémon,15,,,,4875,,2,1,,,,,1.00,EUR,https://raw.githubusercontent.com/pandabayo/tcg-foto/main/_stage_git/Pokemon_Aluto_190_195_UNK_ITA_37-FRONTE.jpg,https://raw.githubusercontent.com/pandabayo/tcg-foto/main/_stage_git/Pokemon_Aluto_190_195_UNK_ITA_37-RETRO.jpg,,,,,,,,,,,,,,,,,,,Pokemon_Aluto_190_195_UNK_ITA_37,,,,,,,,
,Studenti 001/001 Pokémon TCG ITA,"🎴 Vendo carta Pokémon TCG Studenti 001/001 in ita originale.
✨ Carta Pokémon singola dell'espansione Paldean Fates (PAF), ideale per collezionisti e giocatori Pokémon TCG.

📋 Dettagli:
Nome: Studenti
Numero: 001/001
Espansione: Paldean Fates (PAF)
Lingua: ITA
Condizioni: Ottime Condizioni

📸 Riceverai esattamente ciò che vedi in foto. Le foto sono parte integrante della descrizione.
📦 La carta verrà spedita protetta con sleeve e/o supporto rigido per garantirne la massima sicurezza durante il trasporto.
🚚 Spedizione generalmente effettuata entro 24h lavorative.
🛒 Consulta il mio armadio per altre carte Pokémon e annunci simili.
💥 Acquistando più articoli puoi creare un set e ottenere sconti dedicati.

#PokemonTCG #Pokemon #Studenti #PokemonIta #CartaPokemon #CartePokemon #PAF",191646,Pokémon,15,,,,4875,,2,1,,,,,1.00,EUR,https://raw.githubusercontent.com/pandabayo/tcg-foto/main/_stage_git/Pokemon_Studenti_001_001_PAF_ITA_38-FRONTE.jpg,https://raw.githubusercontent.com/pandabayo/tcg-foto/main/_stage_git/Pokemon_Studenti_001_001_PAF_ITA_38-RETRO.jpg,,,,,,,,,,,,,,,,,,,Pokemon_Studenti_001_001_PAF_ITA_38,,,,,,,,
,Aiute 001/001 Pokémon TCG ITA,"🎴 Vendo carta Pokémon TCG Aiute 001/001 in ita originale.
✨ Carta Pokémon singola dell'espansione Paldean Fates (PAF), ideale per collezionisti e giocatori Pokémon TCG.

📋 Dettagli:
Nome: Aiute
Numero: 001/001
Espansione: Paldean Fates (PAF)
Lingua: ITA
Condizioni: Ottime Condizioni

📸 Riceverai esattamente ciò che vedi in foto. Le foto sono parte integrante della descrizione.
📦 La carta verrà spedita protetta con sleeve e/o supporto rigido per garantirne la massima sicurezza durante il trasporto.
🚚 Spedizione generalmente effettuata entro 24h lavorative.
🛒 Consulta il mio armadio per altre carte Pokémon e annunci simili.
💥 Acquistando più articoli puoi creare un set e ottenere sconti dedicati.

#PokemonTCG #Pokemon #Aiute #PokemonIta #CartaPokemon #CartePokemon #PAF",191646,Pokémon,15,,,,4875,,2,1,,,,,1.00,EUR,https://raw.githubusercontent.com/pandabayo/tcg-foto/main/_stage_git/Pokemon_Aiute_001_001_PAF_ITA_39-FRONTE.jpg,https://raw.githubusercontent.com/pandabayo/tcg-foto/main/_stage_git/Pokemon_Aiute_001_001_PAF_ITA_39-RETRO.jpg,,,,,,,,,,,,,,,,,,,Pokemon_Aiute_001_001_PAF_ITA_39,,,,,,,,
,Basg 004/094 Pokémon TCG ITA,"🎴 Vendo carta Pokémon TCG Basg 004/094 in ita originale.
✨ Carta Pokémon singola dell'espansione Espansione Sconosciuta (UNK), ideale per collezionisti e giocatori Pokémon TCG.

📋 Dettagli:
Nome: Basg
Numero: 004/094
Espansione: Espansione Sconosciuta (UNK)
Lingua: ITA
Condizioni: Ottime Condizioni

📸 Riceverai esattamente ciò che vedi in foto. Le foto sono parte integrante della descrizione.
📦 La carta verrà spedita protetta con sleeve e/o supporto rigido per garantirne la massima sicurezza durante il trasporto.
🚚 Spedizione generalmente effettuata entro 24h lavorative.
🛒 Consulta il mio armadio per altre carte Pokémon e annunci simili.
💥 Acquistando più articoli puoi creare un set e ottenere sconti dedicati.

#PokemonTCG #Pokemon #Basg #PokemonIta #CartaPokemon #CartePokemon",191646,Pokémon,15,,,,4875,,2,1,,,,,1.00,EUR,https://raw.githubusercontent.com/pandabayo/tcg-foto/main/_stage_git/Pokemon_Basg_004_094_UNK_ITA_40-FRONTE.jpg,https://raw.githubusercontent.com/pandabayo/tcg-foto/main/_stage_git/Pokemon_Basg_004_094_UNK_ITA_40-RETRO.jpg,,,,,,,,,,,,,,,,,,,Pokemon_Basg_004_094_UNK_ITA_40,,,,,,,,
,Energia 001/001 Pokémon TCG ITA,"🎴 Vendo carta Pokémon TCG Energia 001/001 in ita originale.
✨ Carta Pokémon singola dell'espansione Espansione Sconosciuta (UNK), ideale per collezionisti e giocatori Pokémon TCG.

📋 Dettagli:
Nome: Energia
Numero: 001/001
Espansione: Espansione Sconosciuta (UNK)
Lingua: ITA
Condizioni: Ottime Condizioni

📸 Riceverai esattamente ciò che vedi in foto. Le foto sono parte integrante della descrizione.
📦 La carta verrà spedita protetta con sleeve e/o supporto rigido per garantirne la massima sicurezza durante il trasporto.
🚚 Spedizione generalmente effettuata entro 24h lavorative.
🛒 Consulta il mio armadio per altre carte Pokémon e annunci simili.
💥 Acquistando più articoli puoi creare un set e ottenere sconti dedicati.

#PokemonTCG #Pokemon #Energia #PokemonIta #CartaPokemon #CartePokemon",191646,Pokémon,15,,,,4875,,2,1,,,,,1.00,EUR,https://raw.githubusercontent.com/pandabayo/tcg-foto/main/_stage_git/Pokemon_Energia_001_001_UNK_ITA_41-FRONTE.jpg,https://raw.githubusercontent.com/pandabayo/tcg-foto/main/_stage_git/Pokemon_Energia_001_001_UNK_ITA_41-RETRO.jpg,,,,,,,,,,,,,,,,,,,Pokemon_Energia_001_001_UNK_ITA_41,,,,,,,,
,Base 081/162 Pokémon TCG ITA,"🎴 Vendo carta Pokémon TCG Base 081/162 in ita originale.
✨ Carta Pokémon singola dell'espansione Espansione Sconosciuta (UNK), ideale per collezionisti e giocatori Pokémon TCG.

📋 Dettagli:
Nome: Base
Numero: 081/162
Espansione: Espansione Sconosciuta (UNK)
Lingua: ITA
Condizioni: Ottime Condizioni

📸 Riceverai esattamente ciò che vedi in foto. Le foto sono parte integrante della descrizione.
📦 La carta verrà spedita protetta con sleeve e/o supporto rigido per garantirne la massima sicurezza durante il trasporto.
🚚 Spedizione generalmente effettuata entro 24h lavorative.
🛒 Consulta il mio armadio per altre carte Pokémon e annunci simili.
💥 Acquistando più articoli puoi creare un set e ottenere sconti dedicati.

#PokemonTCG #Pokemon #Base #PokemonIta #CartaPokemon #CartePokemon",191646,Pokémon,15,,,,4875,,2,1,,,,,1.00,EUR,https://raw.githubusercontent.com/pandabayo/tcg-foto/main/_stage_git/Pokemon_Base_081_162_UNK_ITA_42-FRONTE.jpg,https://raw.githubusercontent.com/pandabayo/tcg-foto/main/_stage_git/Pokemon_Base_081_162_UNK_ITA_42-RETRO.jpg,,,,,,,,,,,,,,,,,,,Pokemon_Base_081_162_UNK_ITA_42,,,,,,,,
,Basa 107/217 Pokémon TCG ITA,"🎴 Vendo carta Pokémon TCG Basa 107/217 in ita originale.
✨ Carta Pokémon singola dell'espansione Espansione Sconosciuta (UNK), ideale per collezionisti e giocatori Pokémon TCG.

📋 Dettagli:
Nome: Basa
Numero: 107/217
Espansione: Espansione Sconosciuta (UNK)
Lingua: ITA
Condizioni: Ottime Condizioni

📸 Riceverai esattamente ciò che vedi in foto. Le foto sono parte integrante della descrizione.
📦 La carta verrà spedita protetta con sleeve e/o supporto rigido per garantirne la massima sicurezza durante il trasporto.
🚚 Spedizione generalmente effettuata entro 24h lavorative.
🛒 Consulta il mio armadio per altre carte Pokémon e annunci simili.
💥 Acquistando più articoli puoi creare un set e ottenere sconti dedicati.

#PokemonTCG #Pokemon #Basa #PokemonIta #CartaPokemon #CartePokemon",191646,Pokémon,15,,,,4875,,2,1,,,,,1.00,EUR,https://raw.githubusercontent.com/pandabayo/tcg-foto/main/_stage_git/Pokemon_Basa_107_217_UNK_ITA_43-FRONTE.jpg,https://raw.githubusercontent.com/pandabayo/tcg-foto/main/_stage_git/Pokemon_Basa_107_217_UNK_ITA_43-RETRO.jpg,,,,,,,,,,,,,,,,,,,Pokemon_Basa_107_217_UNK_ITA_43,,,,,,,,
,Gasgi 037/191 Pokémon TCG ITA,"🎴 Vendo carta Pokémon TCG Gasgi 037/191 in ita originale.
✨ Carta Pokémon singola dell'espansione Surging Sparks (SSP), ideale per collezionisti e giocatori Pokémon TCG.

📋 Dettagli:
Nome: Gasgi
Numero: 037/191
Espansione: Surging Sparks (SSP)
Lingua: ITA
Condizioni: Ottime Condizioni

📸 Riceverai esattamente ciò che vedi in foto. Le foto sono parte integrante della descrizione.
📦 La carta verrà spedita protetta con sleeve e/o supporto rigido per garantirne la massima sicurezza durante il trasporto.
🚚 Spedizione generalmente effettuata entro 24h lavorative.
🛒 Consulta il mio armadio per altre carte Pokémon e annunci simili.
💥 Acquistando più articoli puoi creare un set e ottenere sconti dedicati.

#PokemonTCG #Pokemon #Gasgi #PokemonIta #CartaPokemon #CartePokemon #SSP",191646,Pokémon,15,,,,4875,,2,1,,,,,1.00,EUR,https://raw.githubusercontent.com/pandabayo/tcg-foto/main/_stage_git/Pokemon_Gasgi_037_191_SSP_ITA_44-FRONTE.jpg,https://raw.githubusercontent.com/pandabayo/tcg-foto/main/_stage_git/Pokemon_Gasgi_037_191_SSP_ITA_44-RETRO.jpg,,,,,,,,,,,,,,,,,,,Pokemon_Gasgi_037_191_SSP_ITA_44,,,,,,,,
,Ase 147/191 Pokémon TCG ITA,"🎴 Vendo carta Pokémon TCG Ase 147/191 in ita originale.
✨ Carta Pokémon singola dell'espansione Surging Sparks (SSP), ideale per collezionisti e giocatori Pokémon TCG.

📋 Dettagli:
Nome: Ase
Numero: 147/191
Espansione: Surging Sparks (SSP)
Lingua: ITA
Condizioni: Ottime Condizioni

📸 Riceverai esattamente ciò che vedi in foto. Le foto sono parte integrante della descrizione.
📦 La carta verrà spedita protetta con sleeve e/o supporto rigido per garantirne la massima sicurezza durante il trasporto.
🚚 Spedizione generalmente effettuata entro 24h lavorative.
🛒 Consulta il mio armadio per altre carte Pokémon e annunci simili.
💥 Acquistando più articoli puoi creare un set e ottenere sconti dedicati.

#PokemonTCG #Pokemon #Ase #PokemonIta #CartaPokemon #CartePokemon #SSP",191646,Pokémon,15,,,,4875,,2,1,,,,,1.00,EUR,https://raw.githubusercontent.com/pandabayo/tcg-foto/main/_stage_git/Pokemon_Ase_147_191_SSP_ITA_45-FRONTE.jpg,https://raw.githubusercontent.com/pandabayo/tcg-foto/main/_stage_git/Pokemon_Ase_147_191_SSP_ITA_45-RETRO.jpg,,,,,,,,,,,,,,,,,,,Pokemon_Ase_147_191_SSP_ITA_45,,,,,,,,
,Basa 066/182 Pokémon TCG ITA,"🎴 Vendo carta Pokémon TCG Basa 066/182 in ita originale.
✨ Carta Pokémon singola dell'espansione Espansione Sconosciuta (UNK), ideale per collezionisti e giocatori Pokémon TCG.

📋 Dettagli:
Nome: Basa
Numero: 066/182
Espansione: Espansione Sconosciuta (UNK)
Lingua: ITA
Condizioni: Ottime Condizioni

📸 Riceverai esattamente ciò che vedi in foto. Le foto sono parte integrante della descrizione.
📦 La carta verrà spedita protetta con sleeve e/o supporto rigido per garantirne la massima sicurezza durante il trasporto.
🚚 Spedizione generalmente effettuata entro 24h lavorative.
🛒 Consulta il mio armadio per altre carte Pokémon e annunci simili.
💥 Acquistando più articoli puoi creare un set e ottenere sconti dedicati.

#PokemonTCG #Pokemon #Basa #PokemonIta #CartaPokemon #CartePokemon",191646,Pokémon,15,,,,4875,,2,1,,,,,1.00,EUR,https://raw.githubusercontent.com/pandabayo/tcg-foto/main/_stage_git/Pokemon_Basa_066_182_UNK_ITA_46-FRONTE.jpg,https://raw.githubusercontent.com/pandabayo/tcg-foto/main/_stage_git/Pokemon_Basa_066_182_UNK_ITA_46-RETRO.jpg,,,,,,,,,,,,,,,,,,,Pokemon_Basa_066_182_UNK_ITA_46,,,,,,,,
,Base 160/191 Pokémon TCG ITA,"🎴 Vendo carta Pokémon TCG Base 160/191 in ita originale.
✨ Carta Pokémon singola dell'espansione Surging Sparks (SSP), ideale per collezionisti e giocatori Pokémon TCG.

📋 Dettagli:
Nome: Base
Numero: 160/191
Espansione: Surging Sparks (SSP)
Lingua: ITA
Condizioni: Ottime Condizioni

📸 Riceverai esattamente ciò che vedi in foto. Le foto sono parte integrante della descrizione.
📦 La carta verrà spedita protetta con sleeve e/o supporto rigido per garantirne la massima sicurezza durante il trasporto.
🚚 Spedizione generalmente effettuata entro 24h lavorative.
🛒 Consulta il mio armadio per altre carte Pokémon e annunci simili.
💥 Acquistando più articoli puoi creare un set e ottenere sconti dedicati.

#PokemonTCG #Pokemon #Base #PokemonIta #CartaPokemon #CartePokemon #SSP",191646,Pokémon,15,,,,4875,,2,1,,,,,1.00,EUR,https://raw.githubusercontent.com/pandabayo/tcg-foto/main/_stage_git/Pokemon_Base_160_191_SSP_ITA_47-FRONTE.jpg,https://raw.githubusercontent.com/pandabayo/tcg-foto/main/_stage_git/Pokemon_Base_160_191_SSP_ITA_47-RETRO.jpg,,,,,,,,,,,,,,,,,,,Pokemon_Base_160_191_SSP_ITA_47,,,,,,,,
,Basg 081/198 Pokémon TCG ITA,"🎴 Vendo carta Pokémon TCG Basg 081/198 in ita originale.
✨ Carta Pokémon singola dell'espansione Scarlet & Violet (SVI), ideale per collezionisti e giocatori Pokémon TCG.

📋 Dettagli:
Nome: Basg
Numero: 081/198
Espansione: Scarlet & Violet (SVI)
Lingua: ITA
Condizioni: Ottime Condizioni

📸 Riceverai esattamente ciò che vedi in foto. Le foto sono parte integrante della descrizione.
📦 La carta verrà spedita protetta con sleeve e/o supporto rigido per garantirne la massima sicurezza durante il trasporto.
🚚 Spedizione generalmente effettuata entro 24h lavorative.
🛒 Consulta il mio armadio per altre carte Pokémon e annunci simili.
💥 Acquistando più articoli puoi creare un set e ottenere sconti dedicati.

#PokemonTCG #Pokemon #Basg #PokemonIta #CartaPokemon #CartePokemon #SVI",191646,Pokémon,15,,,,4875,,2,1,,,,,1.00,EUR,https://raw.githubusercontent.com/pandabayo/tcg-foto/main/_stage_git/Pokemon_Basg_081_198_SVI_ITA_48-FRONTE.jpg,https://raw.githubusercontent.com/pandabayo/tcg-foto/main/_stage_git/Pokemon_Basg_081_198_SVI_ITA_48-RETRO.jpg,,,,,,,,,,,,,,,,,,,Pokemon_Basg_081_198_SVI_ITA_48,,,,,,,,
,Fase 029/167 Pokémon TCG ITA,"🎴 Vendo carta Pokémon TCG Fase 029/167 in ita originale.
✨ Carta Pokémon singola dell'espansione Espansione Sconosciuta (UNK), ideale per collezionisti e giocatori Pokémon TCG.

📋 Dettagli:
Nome: Fase
Numero: 029/167
Espansione: Espansione Sconosciuta (UNK)
Lingua: ITA
Condizioni: Ottime Condizioni

📸 Riceverai esattamente ciò che vedi in foto. Le foto sono parte integrante della descrizione.
📦 La carta verrà spedita protetta con sleeve e/o supporto rigido per garantirne la massima sicurezza durante il trasporto.
🚚 Spedizione generalmente effettuata entro 24h lavorative.
🛒 Consulta il mio armadio per altre carte Pokémon e annunci simili.
💥 Acquistando più articoli puoi creare un set e ottenere sconti dedicati.

#PokemonTCG #Pokemon #Fase #PokemonIta #CartaPokemon #CartePokemon",191646,Pokémon,15,,,,4875,,2,1,,,,,1.00,EUR,https://raw.githubusercontent.com/pandabayo/tcg-foto/main/_stage_git/Pokemon_Fase_029_167_UNK_ITA_49-FRONTE.jpg,https://raw.githubusercontent.com/pandabayo/tcg-foto/main/_stage_git/Pokemon_Fase_029_167_UNK_ITA_49-RETRO.jpg,,,,,,,,,,,,,,,,,,,Pokemon_Fase_029_167_UNK_ITA_49,,,,,,,,
,Fase 068/167 Pokémon TCG ITA,"🎴 Vendo carta Pokémon TCG Fase 068/167 in ita originale.
✨ Carta Pokémon singola dell'espansione Espansione Sconosciuta (UNK), ideale per collezionisti e giocatori Pokémon TCG.

📋 Dettagli:
Nome: Fase
Numero: 068/167
Espansione: Espansione Sconosciuta (UNK)
Lingua: ITA
Condizioni: Ottime Condizioni

📸 Riceverai esattamente ciò che vedi in foto. Le foto sono parte integrante della descrizione.
📦 La carta verrà spedita protetta con sleeve e/o supporto rigido per garantirne la massima sicurezza durante il trasporto.
🚚 Spedizione generalmente effettuata entro 24h lavorative.
🛒 Consulta il mio armadio per altre carte Pokémon e annunci simili.
💥 Acquistando più articoli puoi creare un set e ottenere sconti dedicati.

#PokemonTCG #Pokemon #Fase #PokemonIta #CartaPokemon #CartePokemon",191646,Pokémon,15,,,,4875,,2,1,,,,,1.00,EUR,https://raw.githubusercontent.com/pandabayo/tcg-foto/main/_stage_git/Pokemon_Fase_068_167_UNK_ITA_50-FRONTE.jpg,https://raw.githubusercontent.com/pandabayo/tcg-foto/main/_stage_git/Pokemon_Fase_068_167_UNK_ITA_50-RETRO.jpg,,,,,,,,,,,,,,,,,,,Pokemon_Fase_068_167_UNK_ITA_50,,,,,,,,
,Base 081/198 Pokémon TCG ITA,"🎴 Vendo carta Pokémon TCG Base 081/198 in ita originale.
✨ Carta Pokémon singola dell'espansione Scarlet & Violet (SVI), ideale per collezionisti e giocatori Pokémon TCG.

📋 Dettagli:
Nome: Base
Numero: 081/198
Espansione: Scarlet & Violet (SVI)
Lingua: ITA
Condizioni: Ottime Condizioni

📸 Riceverai esattamente ciò che vedi in foto. Le foto sono parte integrante della descrizione.
📦 La carta verrà spedita protetta con sleeve e/o supporto rigido per garantirne la massima sicurezza durante il trasporto.
🚚 Spedizione generalmente effettuata entro 24h lavorative.
🛒 Consulta il mio armadio per altre carte Pokémon e annunci simili.
💥 Acquistando più articoli puoi creare un set e ottenere sconti dedicati.

#PokemonTCG #Pokemon #Base #PokemonIta #CartaPokemon #CartePokemon #SVI",191646,Pokémon,15,,,,4875,,2,1,,,,,1.00,EUR,https://raw.githubusercontent.com/pandabayo/tcg-foto/main/_stage_git/Pokemon_Base_081_198_SVI_ITA_51-FRONTE.jpg,https://raw.githubusercontent.com/pandabayo/tcg-foto/main/_stage_git/Pokemon_Base_081_198_SVI_ITA_51-RETRO.jpg,,,,,,,,,,,,,,,,,,,Pokemon_Base_081_198_SVI_ITA_51,,,,,,,,
,Basg 122/162 Pokémon TCG ITA,"🎴 Vendo carta Pokémon TCG Basg 122/162 in ita originale.
✨ Carta Pokémon singola dell'espansione Espansione Sconosciuta (UNK), ideale per collezionisti e giocatori Pokémon TCG.

📋 Dettagli:
Nome: Basg
Numero: 122/162
Espansione: Espansione Sconosciuta (UNK)
Lingua: ITA
Condizioni: Ottime Condizioni

📸 Riceverai esattamente ciò che vedi in foto. Le foto sono parte integrante della descrizione.
📦 La carta verrà spedita protetta con sleeve e/o supporto rigido per garantirne la massima sicurezza durante il trasporto.
🚚 Spedizione generalmente effettuata entro 24h lavorative.
🛒 Consulta il mio armadio per altre carte Pokémon e annunci simili.
💥 Acquistando più articoli puoi creare un set e ottenere sconti dedicati.

#PokemonTCG #Pokemon #Basg #PokemonIta #CartaPokemon #CartePokemon",191646,Pokémon,15,,,,4875,,2,1,,,,,1.00,EUR,https://raw.githubusercontent.com/pandabayo/tcg-foto/main/_stage_git/Pokemon_Basg_122_162_UNK_ITA_52-FRONTE.jpg,https://raw.githubusercontent.com/pandabayo/tcg-foto/main/_stage_git/Pokemon_Basg_122_162_UNK_ITA_52-RETRO.jpg,,,,,,,,,,,,,,,,,,,Pokemon_Basg_122_162_UNK_ITA_52,,,,,,,,
,Fas 045/086 Pokémon TCG ITA,"🎴 Vendo carta Pokémon TCG Fas 045/086 in ita originale.
✨ Carta Pokémon singola dell'espansione Espansione Sconosciuta (UNK), ideale per collezionisti e giocatori Pokémon TCG.

📋 Dettagli:
Nome: Fas
Numero: 045/086
Espansione: Espansione Sconosciuta (UNK)
Lingua: ITA
Condizioni: Ottime Condizioni

📸 Riceverai esattamente ciò che vedi in foto. Le foto sono parte integrante della descrizione.
📦 La carta verrà spedita protetta con sleeve e/o supporto rigido per garantirne la massima sicurezza durante il trasporto.
🚚 Spedizione generalmente effettuata entro 24h lavorative.
🛒 Consulta il mio armadio per altre carte Pokémon e annunci simili.
💥 Acquistando più articoli puoi creare un set e ottenere sconti dedicati.

#PokemonTCG #Pokemon #Fas #PokemonIta #CartaPokemon #CartePokemon",191646,Pokémon,15,,,,4875,,2,1,,,,,1.00,EUR,https://raw.githubusercontent.com/pandabayo/tcg-foto/main/_stage_git/Pokemon_Fas_045_086_UNK_ITA_53-FRONTE.jpg,https://raw.githubusercontent.com/pandabayo/tcg-foto/main/_stage_git/Pokemon_Fas_045_086_UNK_ITA_53-RETRO.jpg,,,,,,,,,,,,,,,,,,,Pokemon_Fas_045_086_UNK_ITA_53,,,,,,,,
,Basig 760/191 Pokémon TCG ITA,"🎴 Vendo carta Pokémon TCG Basig 760/191 in ita originale.
✨ Carta Pokémon singola dell'espansione Surging Sparks (SSP), ideale per collezionisti e giocatori Pokémon TCG.

📋 Dettagli:
Nome: Basig
Numero: 760/191
Espansione: Surging Sparks (SSP)
Lingua: ITA
Condizioni: Ottime Condizioni

📸 Riceverai esattamente ciò che vedi in foto. Le foto sono parte integrante della descrizione.
📦 La carta verrà spedita protetta con sleeve e/o supporto rigido per garantirne la massima sicurezza durante il trasporto.
🚚 Spedizione generalmente effettuata entro 24h lavorative.
🛒 Consulta il mio armadio per altre carte Pokémon e annunci simili.
💥 Acquistando più articoli puoi creare un set e ottenere sconti dedicati.

#PokemonTCG #Pokemon #Basig #PokemonIta #CartaPokemon #CartePokemon #SSP",191646,Pokémon,15,,,,4875,,2,1,,,,,1.00,EUR,https://raw.githubusercontent.com/pandabayo/tcg-foto/main/_stage_git/Pokemon_Basig_760_191_SSP_ITA_54-FRONTE.jpg,https://raw.githubusercontent.com/pandabayo/tcg-foto/main/_stage_git/Pokemon_Basig_760_191_SSP_ITA_54-RETRO.jpg,,,,,,,,,,,,,,,,,,,Pokemon_Basig_760_191_SSP_ITA_54,,,,,,,,
,Empoleon 070/094 Pokémon TCG ITA,"🎴 Vendo carta Pokémon TCG Empoleon 070/094 in ita originale.
✨ Carta Pokémon singola dell'espansione Espansione Sconosciuta (UNK), ideale per collezionisti e giocatori Pokémon TCG.

📋 Dettagli:
Nome: Empoleon
Numero: 070/094
Espansione: Espansione Sconosciuta (UNK)
Lingua: ITA
Condizioni: Ottime Condizioni

📸 Riceverai esattamente ciò che vedi in foto. Le foto sono parte integrante della descrizione.
📦 La carta verrà spedita protetta con sleeve e/o supporto rigido per garantirne la massima sicurezza durante il trasporto.
🚚 Spedizione generalmente effettuata entro 24h lavorative.
🛒 Consulta il mio armadio per altre carte Pokémon e annunci simili.
💥 Acquistando più articoli puoi creare un set e ottenere sconti dedicati.

#PokemonTCG #Pokemon #Empoleon #PokemonIta #CartaPokemon #CartePokemon",191646,Pokémon,15,,,,4875,,2,1,,,,,1.00,EUR,https://raw.githubusercontent.com/pandabayo/tcg-foto/main/_stage_git/Pokemon_Empoleon_070_094_UNK_ITA_55-FRONTE.jpg,https://raw.githubusercontent.com/pandabayo/tcg-foto/main/_stage_git/Pokemon_Empoleon_070_094_UNK_ITA_55-RETRO.jpg,,,,,,,,,,,,,,,,,,,Pokemon_Empoleon_070_094_UNK_ITA_55,,,,,,,,
,Fasc 001/001 Pokémon TCG ITA,"🎴 Vendo carta Pokémon TCG Fasc 001/001 in ita originale.
✨ Carta Pokémon singola dell'espansione Paldean Fates (PAF), ideale per collezionisti e giocatori Pokémon TCG.

📋 Dettagli:
Nome: Fasc
Numero: 001/001
Espansione: Paldean Fates (PAF)
Lingua: ITA
Condizioni: Ottime Condizioni

📸 Riceverai esattamente ciò che vedi in foto. Le foto sono parte integrante della descrizione.
📦 La carta verrà spedita protetta con sleeve e/o supporto rigido per garantirne la massima sicurezza durante il trasporto.
🚚 Spedizione generalmente effettuata entro 24h lavorative.
🛒 Consulta il mio armadio per altre carte Pokémon e annunci simili.
💥 Acquistando più articoli puoi creare un set e ottenere sconti dedicati.

#PokemonTCG #Pokemon #Fasc #PokemonIta #CartaPokemon #CartePokemon #PAF",191646,Pokémon,15,,,,4875,,2,1,,,,,1.00,EUR,https://raw.githubusercontent.com/pandabayo/tcg-foto/main/_stage_git/Pokemon_Fasc_001_001_PAF_ITA_56-FRONTE.jpg,https://raw.githubusercontent.com/pandabayo/tcg-foto/main/_stage_git/Pokemon_Fasc_001_001_PAF_ITA_56-RETRO.jpg,,,,,,,,,,,,,,,,,,,Pokemon_Fasc_001_001_PAF_ITA_56,,,,,,,,
,Fase 010/091 Pokémon TCG ITA,"🎴 Vendo carta Pokémon TCG Fase 010/091 in ita originale.
✨ Carta Pokémon singola dell'espansione Paldean Fates (PAF), ideale per collezionisti e giocatori Pokémon TCG.

📋 Dettagli:
Nome: Fase
Numero: 010/091
Espansione: Paldean Fates (PAF)
Lingua: ITA
Condizioni: Ottime Condizioni

📸 Riceverai esattamente ciò che vedi in foto. Le foto sono parte integrante della descrizione.
📦 La carta verrà spedita protetta con sleeve e/o supporto rigido per garantirne la massima sicurezza durante il trasporto.
🚚 Spedizione generalmente effettuata entro 24h lavorative.
🛒 Consulta il mio armadio per altre carte Pokémon e annunci simili.
💥 Acquistando più articoli puoi creare un set e ottenere sconti dedicati.

#PokemonTCG #Pokemon #Fase #PokemonIta #CartaPokemon #CartePokemon #PAF",191646,Pokémon,15,,,,4875,,2,1,,,,,1.00,EUR,https://raw.githubusercontent.com/pandabayo/tcg-foto/main/_stage_git/Pokemon_Fase_010_091_PAF_ITA_57-FRONTE.jpg,https://raw.githubusercontent.com/pandabayo/tcg-foto/main/_stage_git/Pokemon_Fase_010_091_PAF_ITA_57-RETRO.jpg,,,,,,,,,,,,,,,,,,,Pokemon_Fase_010_091_PAF_ITA_57,,,,,,,,
,Base 074/132 Pokémon TCG ITA,"🎴 Vendo carta Pokémon TCG Base 074/132 in ita originale.
✨ Carta Pokémon singola dell'espansione Espansione Sconosciuta (UNK), ideale per collezionisti e giocatori Pokémon TCG.

📋 Dettagli:
Nome: Base
Numero: 074/132
Espansione: Espansione Sconosciuta (UNK)
Lingua: ITA
Condizioni: Ottime Condizioni

📸 Riceverai esattamente ciò che vedi in foto. Le foto sono parte integrante della descrizione.
📦 La carta verrà spedita protetta con sleeve e/o supporto rigido per garantirne la massima sicurezza durante il trasporto.
🚚 Spedizione generalmente effettuata entro 24h lavorative.
🛒 Consulta il mio armadio per altre carte Pokémon e annunci simili.
💥 Acquistando più articoli puoi creare un set e ottenere sconti dedicati.

#PokemonTCG #Pokemon #Base #PokemonIta #CartaPokemon #CartePokemon",191646,Pokémon,15,,,,4875,,2,1,,,,,1.00,EUR,https://raw.githubusercontent.com/pandabayo/tcg-foto/main/_stage_git/Pokemon_Base_074_132_UNK_ITA_58-FRONTE.jpg,https://raw.githubusercontent.com/pandabayo/tcg-foto/main/_stage_git/Pokemon_Base_074_132_UNK_ITA_58-RETRO.jpg,,,,,,,,,,,,,,,,,,,Pokemon_Base_074_132_UNK_ITA_58,,,,,,,,
,Fasg 079/094 Pokémon TCG ITA,"🎴 Vendo carta Pokémon TCG Fasg 079/094 in ita originale.
✨ Carta Pokémon singola dell'espansione Espansione Sconosciuta (UNK), ideale per collezionisti e giocatori Pokémon TCG.

📋 Dettagli:
Nome: Fasg
Numero: 079/094
Espansione: Espansione Sconosciuta (UNK)
Lingua: ITA
Condizioni: Ottime Condizioni

📸 Riceverai esattamente ciò che vedi in foto. Le foto sono parte integrante della descrizione.
📦 La carta verrà spedita protetta con sleeve e/o supporto rigido per garantirne la massima sicurezza durante il trasporto.
🚚 Spedizione generalmente effettuata entro 24h lavorative.
🛒 Consulta il mio armadio per altre carte Pokémon e annunci simili.
💥 Acquistando più articoli puoi creare un set e ottenere sconti dedicati.

#PokemonTCG #Pokemon #Fasg #PokemonIta #CartaPokemon #CartePokemon",191646,Pokémon,15,,,,4875,,2,1,,,,,1.00,EUR,https://raw.githubusercontent.com/pandabayo/tcg-foto/main/_stage_git/Pokemon_Fasg_079_094_UNK_ITA_59-FRONTE.jpg,https://raw.githubusercontent.com/pandabayo/tcg-foto/main/_stage_git/Pokemon_Fasg_079_094_UNK_ITA_59-RETRO.jpg,,,,,,,,,,,,,,,,,,,Pokemon_Fasg_079_094_UNK_ITA_59,,,,,,,,
,Fasa 001/001 Pokémon TCG ITA,"🎴 Vendo carta Pokémon TCG Fasa 001/001 in ita originale.
✨ Carta Pokémon singola dell'espansione Espansione Sconosciuta (UNK), ideale per collezionisti e giocatori Pokémon TCG.

📋 Dettagli:
Nome: Fasa
Numero: 001/001
Espansione: Espansione Sconosciuta (UNK)
Lingua: ITA
Condizioni: Ottime Condizioni

📸 Riceverai esattamente ciò che vedi in foto. Le foto sono parte integrante della descrizione.
📦 La carta verrà spedita protetta con sleeve e/o supporto rigido per garantirne la massima sicurezza durante il trasporto.
🚚 Spedizione generalmente effettuata entro 24h lavorative.
🛒 Consulta il mio armadio per altre carte Pokémon e annunci simili.
💥 Acquistando più articoli puoi creare un set e ottenere sconti dedicati.

#PokemonTCG #Pokemon #Fasa #PokemonIta #CartaPokemon #CartePokemon",191646,Pokémon,15,,,,4875,,2,1,,,,,1.00,EUR,https://raw.githubusercontent.com/pandabayo/tcg-foto/main/_stage_git/Pokemon_Fasa_001_001_UNK_ITA_60-FRONTE.jpg,https://raw.githubusercontent.com/pandabayo/tcg-foto/main/_stage_git/Pokemon_Fasa_001_001_UNK_ITA_60-RETRO.jpg,,,,,,,,,,,,,,,,,,,Pokemon_Fasa_001_001_UNK_ITA_60,,,,,,,,
,Gase 073/197 Pokémon TCG ITA,"🎴 Vendo carta Pokémon TCG Gase 073/197 in ita originale.
✨ Carta Pokémon singola dell'espansione Obsidian Flames (OBF), ideale per collezionisti e giocatori Pokémon TCG.

📋 Dettagli:
Nome: Gase
Numero: 073/197
Espansione: Obsidian Flames (OBF)
Lingua: ITA
Condizioni: Ottime Condizioni

📸 Riceverai esattamente ciò che vedi in foto. Le foto sono parte integrante della descrizione.
📦 La carta verrà spedita protetta con sleeve e/o supporto rigido per garantirne la massima sicurezza durante il trasporto.
🚚 Spedizione generalmente effettuata entro 24h lavorative.
🛒 Consulta il mio armadio per altre carte Pokémon e annunci simili.
💥 Acquistando più articoli puoi creare un set e ottenere sconti dedicati.

#PokemonTCG #Pokemon #Gase #PokemonIta #CartaPokemon #CartePokemon #OBF",191646,Pokémon,15,,,,4875,,2,1,,,,,1.00,EUR,https://raw.githubusercontent.com/pandabayo/tcg-foto/main/_stage_git/Pokemon_Gase_073_197_OBF_ITA_61-FRONTE.jpg,https://raw.githubusercontent.com/pandabayo/tcg-foto/main/_stage_git/Pokemon_Gase_073_197_OBF_ITA_61-RETRO.jpg,,,,,,,,,,,,,,,,,,,Pokemon_Gase_073_197_OBF_ITA_61,,,,,,,,
,Gase 079/159 Pokémon TCG ITA,"🎴 Vendo carta Pokémon TCG Gase 079/159 in ita originale.
✨ Carta Pokémon singola dell'espansione Espansione Sconosciuta (UNK), ideale per collezionisti e giocatori Pokémon TCG.

📋 Dettagli:
Nome: Gase
Numero: 079/159
Espansione: Espansione Sconosciuta (UNK)
Lingua: ITA
Condizioni: Ottime Condizioni

📸 Riceverai esattamente ciò che vedi in foto. Le foto sono parte integrante della descrizione.
📦 La carta verrà spedita protetta con sleeve e/o supporto rigido per garantirne la massima sicurezza durante il trasporto.
🚚 Spedizione generalmente effettuata entro 24h lavorative.
🛒 Consulta il mio armadio per altre carte Pokémon e annunci simili.
💥 Acquistando più articoli puoi creare un set e ottenere sconti dedicati.

#PokemonTCG #Pokemon #Gase #PokemonIta #CartaPokemon #CartePokemon",191646,Pokémon,15,,,,4875,,2,1,,,,,1.00,EUR,https://raw.githubusercontent.com/pandabayo/tcg-foto/main/_stage_git/Pokemon_Gase_079_159_UNK_ITA_62-FRONTE.jpg,https://raw.githubusercontent.com/pandabayo/tcg-foto/main/_stage_git/Pokemon_Gase_079_159_UNK_ITA_62-RETRO.jpg,,,,,,,,,,,,,,,,,,,Pokemon_Gase_079_159_UNK_ITA_62,,,,,,,,
,Gase 034/094 Pokémon TCG ITA,"🎴 Vendo carta Pokémon TCG Gase 034/094 in ita originale.
✨ Carta Pokémon singola dell'espansione Espansione Sconosciuta (UNK), ideale per collezionisti e giocatori Pokémon TCG.

📋 Dettagli:
Nome: Gase
Numero: 034/094
Espansione: Espansione Sconosciuta (UNK)
Lingua: ITA
Condizioni: Ottime Condizioni

📸 Riceverai esattamente ciò che vedi in foto. Le foto sono parte integrante della descrizione.
📦 La carta verrà spedita protetta con sleeve e/o supporto rigido per garantirne la massima sicurezza durante il trasporto.
🚚 Spedizione generalmente effettuata entro 24h lavorative.
🛒 Consulta il mio armadio per altre carte Pokémon e annunci simili.
💥 Acquistando più articoli puoi creare un set e ottenere sconti dedicati.

#PokemonTCG #Pokemon #Gase #PokemonIta #CartaPokemon #CartePokemon",191646,Pokémon,15,,,,4875,,2,1,,,,,1.00,EUR,https://raw.githubusercontent.com/pandabayo/tcg-foto/main/_stage_git/Pokemon_Gase_034_094_UNK_ITA_63-FRONTE.jpg,https://raw.githubusercontent.com/pandabayo/tcg-foto/main/_stage_git/Pokemon_Gase_034_094_UNK_ITA_63-RETRO.jpg,,,,,,,,,,,,,,,,,,,Pokemon_Gase_034_094_UNK_ITA_63,,,,,,,,
,Gase 011/182 Pokémon TCG ITA,"🎴 Vendo carta Pokémon TCG Gase 011/182 in ita originale.
✨ Carta Pokémon singola dell'espansione Espansione Sconosciuta (UNK), ideale per collezionisti e giocatori Pokémon TCG.

📋 Dettagli:
Nome: Gase
Numero: 011/182
Espansione: Espansione Sconosciuta (UNK)
Lingua: ITA
Condizioni: Ottime Condizioni

📸 Riceverai esattamente ciò che vedi in foto. Le foto sono parte integrante della descrizione.
📦 La carta verrà spedita protetta con sleeve e/o supporto rigido per garantirne la massima sicurezza durante il trasporto.
🚚 Spedizione generalmente effettuata entro 24h lavorative.
🛒 Consulta il mio armadio per altre carte Pokémon e annunci simili.
💥 Acquistando più articoli puoi creare un set e ottenere sconti dedicati.

#PokemonTCG #Pokemon #Gase #PokemonIta #CartaPokemon #CartePokemon",191646,Pokémon,15,,,,4875,,2,1,,,,,1.00,EUR,https://raw.githubusercontent.com/pandabayo/tcg-foto/main/_stage_git/Pokemon_Gase_011_182_UNK_ITA_64-FRONTE.jpg,https://raw.githubusercontent.com/pandabayo/tcg-foto/main/_stage_git/Pokemon_Gase_011_182_UNK_ITA_64-RETRO.jpg,,,,,,,,,,,,,,,,,,,Pokemon_Gase_011_182_UNK_ITA_64,,,,,,,,
,Base 1/7 Pokémon TCG ITA,"🎴 Vendo carta Pokémon TCG Base 1/7 in ita originale.
✨ Carta Pokémon singola dell'espansione Espansione Sconosciuta (UNK), ideale per collezionisti e giocatori Pokémon TCG.

📋 Dettagli:
Nome: Base
Numero: 1/7
Espansione: Espansione Sconosciuta (UNK)
Lingua: ITA
Condizioni: Ottime Condizioni

📸 Riceverai esattamente ciò che vedi in foto. Le foto sono parte integrante della descrizione.
📦 La carta verrà spedita protetta con sleeve e/o supporto rigido per garantirne la massima sicurezza durante il trasporto.
🚚 Spedizione generalmente effettuata entro 24h lavorative.
🛒 Consulta il mio armadio per altre carte Pokémon e annunci simili.
💥 Acquistando più articoli puoi creare un set e ottenere sconti dedicati.

#PokemonTCG #Pokemon #Base #PokemonIta #CartaPokemon #CartePokemon",191646,Pokémon,15,,,,4875,,2,1,,,,,1.00,EUR,https://raw.githubusercontent.com/pandabayo/tcg-foto/main/_stage_git/Pokemon_Base_1_7_UNK_ITA_65-FRONTE.jpg,https://raw.githubusercontent.com/pandabayo/tcg-foto/main/_stage_git/Pokemon_Base_1_7_UNK_ITA_65-RETRO.jpg,,,,,,,,,,,,,,,,,,,Pokemon_Base_1_7_UNK_ITA_65,,,,,,,,
,Base 141/159 Pokémon TCG ITA,"🎴 Vendo carta Pokémon TCG Base 141/159 in ita originale.
✨ Carta Pokémon singola dell'espansione Espansione Sconosciuta (UNK), ideale per collezionisti e giocatori Pokémon TCG.

📋 Dettagli:
Nome: Base
Numero: 141/159
Espansione: Espansione Sconosciuta (UNK)
Lingua: ITA
Condizioni: Ottime Condizioni

📸 Riceverai esattamente ciò che vedi in foto. Le foto sono parte integrante della descrizione.
📦 La carta verrà spedita protetta con sleeve e/o supporto rigido per garantirne la massima sicurezza durante il trasporto.
🚚 Spedizione generalmente effettuata entro 24h lavorative.
🛒 Consulta il mio armadio per altre carte Pokémon e annunci simili.
💥 Acquistando più articoli puoi creare un set e ottenere sconti dedicati.

#PokemonTCG #Pokemon #Base #PokemonIta #CartaPokemon #CartePokemon",191646,Pokémon,15,,,,4875,,2,1,,,,,1.00,EUR,https://raw.githubusercontent.com/pandabayo/tcg-foto/main/_stage_git/Pokemon_Base_141_159_UNK_ITA_66-FRONTE.jpg,https://raw.githubusercontent.com/pandabayo/tcg-foto/main/_stage_git/Pokemon_Base_141_159_UNK_ITA_66-RETRO.jpg,,,,,,,,,,,,,,,,,,,Pokemon_Base_141_159_UNK_ITA_66,,,,,,,,
,Fasg 024/217 Pokémon TCG ITA,"🎴 Vendo carta Pokémon TCG Fasg 024/217 in ita originale.
✨ Carta Pokémon singola dell'espansione Espansione Sconosciuta (UNK), ideale per collezionisti e giocatori Pokémon TCG.

📋 Dettagli:
Nome: Fasg
Numero: 024/217
Espansione: Espansione Sconosciuta (UNK)
Lingua: ITA
Condizioni: Ottime Condizioni

📸 Riceverai esattamente ciò che vedi in foto. Le foto sono parte integrante della descrizione.
📦 La carta verrà spedita protetta con sleeve e/o supporto rigido per garantirne la massima sicurezza durante il trasporto.
🚚 Spedizione generalmente effettuata entro 24h lavorative.
🛒 Consulta il mio armadio per altre carte Pokémon e annunci simili.
💥 Acquistando più articoli puoi creare un set e ottenere sconti dedicati.

#PokemonTCG #Pokemon #Fasg #PokemonIta #CartaPokemon #CartePokemon",191646,Pokémon,15,,,,4875,,2,1,,,,,1.00,EUR,https://raw.githubusercontent.com/pandabayo/tcg-foto/main/_stage_git/Pokemon_Fasg_024_217_UNK_ITA_67-FRONTE.jpg,https://raw.githubusercontent.com/pandabayo/tcg-foto/main/_stage_git/Pokemon_Fasg_024_217_UNK_ITA_67-RETRO.jpg,,,,,,,,,,,,,,,,,,,Pokemon_Fasg_024_217_UNK_ITA_67,,,,,,,,
,Energia 086/086 Pokémon TCG ITA,"🎴 Vendo carta Pokémon TCG Energia 086/086 in ita originale.
✨ Carta Pokémon singola dell'espansione Espansione Sconosciuta (UNK), ideale per collezionisti e giocatori Pokémon TCG.

📋 Dettagli:
Nome: Energia
Numero: 086/086
Espansione: Espansione Sconosciuta (UNK)
Lingua: ITA
Condizioni: Ottime Condizioni

📸 Riceverai esattamente ciò che vedi in foto. Le foto sono parte integrante della descrizione.
📦 La carta verrà spedita protetta con sleeve e/o supporto rigido per garantirne la massima sicurezza durante il trasporto.
🚚 Spedizione generalmente effettuata entro 24h lavorative.
🛒 Consulta il mio armadio per altre carte Pokémon e annunci simili.
💥 Acquistando più articoli puoi creare un set e ottenere sconti dedicati.

#PokemonTCG #Pokemon #Energia #PokemonIta #CartaPokemon #CartePokemon",191646,Pokémon,15,,,,4875,,2,1,,,,,1.00,EUR,https://raw.githubusercontent.com/pandabayo/tcg-foto/main/_stage_git/Pokemon_Energia_086_086_UNK_ITA_68-FRONTE.jpg,https://raw.githubusercontent.com/pandabayo/tcg-foto/main/_stage_git/Pokemon_Energia_086_086_UNK_ITA_68-RETRO.jpg,,,,,,,,,,,,,,,,,,,Pokemon_Energia_086_086_UNK_ITA_68,,,,,,,,
,Basg 021/167 Pokémon TCG ITA,"🎴 Vendo carta Pokémon TCG Basg 021/167 in ita originale.
✨ Carta Pokémon singola dell'espansione Espansione Sconosciuta (UNK), ideale per collezionisti e giocatori Pokémon TCG.

📋 Dettagli:
Nome: Basg
Numero: 021/167
Espansione: Espansione Sconosciuta (UNK)
Lingua: ITA
Condizioni: Ottime Condizioni

📸 Riceverai esattamente ciò che vedi in foto. Le foto sono parte integrante della descrizione.
📦 La carta verrà spedita protetta con sleeve e/o supporto rigido per garantirne la massima sicurezza durante il trasporto.
🚚 Spedizione generalmente effettuata entro 24h lavorative.
🛒 Consulta il mio armadio per altre carte Pokémon e annunci simili.
💥 Acquistando più articoli puoi creare un set e ottenere sconti dedicati.

#PokemonTCG #Pokemon #Basg #PokemonIta #CartaPokemon #CartePokemon",191646,Pokémon,15,,,,4875,,2,1,,,,,1.00,EUR,https://raw.githubusercontent.com/pandabayo/tcg-foto/main/_stage_git/Pokemon_Basg_021_167_UNK_ITA_69-FRONTE.jpg,https://raw.githubusercontent.com/pandabayo/tcg-foto/main/_stage_git/Pokemon_Basg_021_167_UNK_ITA_69-RETRO.jpg,,,,,,,,,,,,,,,,,,,Pokemon_Basg_021_167_UNK_ITA_69,,,,,,,,
,Fasg 045/167 Pokémon TCG ITA,"🎴 Vendo carta Pokémon TCG Fasg 045/167 in ita originale.
✨ Carta Pokémon singola dell'espansione Twilight Masquerade (TWM), ideale per collezionisti e giocatori Pokémon TCG.

📋 Dettagli:
Nome: Fasg
Numero: 045/167
Espansione: Twilight Masquerade (TWM)
Lingua: ITA
Condizioni: Ottime Condizioni

📸 Riceverai esattamente ciò che vedi in foto. Le foto sono parte integrante della descrizione.
📦 La carta verrà spedita protetta con sleeve e/o supporto rigido per garantirne la massima sicurezza durante il trasporto.
🚚 Spedizione generalmente effettuata entro 24h lavorative.
🛒 Consulta il mio armadio per altre carte Pokémon e annunci simili.
💥 Acquistando più articoli puoi creare un set e ottenere sconti dedicati.

#PokemonTCG #Pokemon #Fasg #PokemonIta #CartaPokemon #CartePokemon #TWM",191646,Pokémon,15,,,,4875,,2,1,,,,,1.00,EUR,https://raw.githubusercontent.com/pandabayo/tcg-foto/main/_stage_git/Pokemon_Fasg_045_167_TWM_ITA_70-FRONTE.jpg,https://raw.githubusercontent.com/pandabayo/tcg-foto/main/_stage_git/Pokemon_Fasg_045_167_TWM_ITA_70-RETRO.jpg,,,,,,,,,,,,,,,,,,,Pokemon_Fasg_045_167_TWM_ITA_70,,,,,,,,
,Basg 027/091 Pokémon TCG ITA,"🎴 Vendo carta Pokémon TCG Basg 027/091 in ita originale.
✨ Carta Pokémon singola dell'espansione Paldean Fates (PAF), ideale per collezionisti e giocatori Pokémon TCG.

📋 Dettagli:
Nome: Basg
Numero: 027/091
Espansione: Paldean Fates (PAF)
Lingua: ITA
Condizioni: Ottime Condizioni

📸 Riceverai esattamente ciò che vedi in foto. Le foto sono parte integrante della descrizione.
📦 La carta verrà spedita protetta con sleeve e/o supporto rigido per garantirne la massima sicurezza durante il trasporto.
🚚 Spedizione generalmente effettuata entro 24h lavorative.
🛒 Consulta il mio armadio per altre carte Pokémon e annunci simili.
💥 Acquistando più articoli puoi creare un set e ottenere sconti dedicati.

#PokemonTCG #Pokemon #Basg #PokemonIta #CartaPokemon #CartePokemon #PAF",191646,Pokémon,15,,,,4875,,2,1,,,,,1.00,EUR,https://raw.githubusercontent.com/pandabayo/tcg-foto/main/_stage_git/Pokemon_Basg_027_091_PAF_ITA_71-FRONTE.jpg,https://raw.githubusercontent.com/pandabayo/tcg-foto/main/_stage_git/Pokemon_Basg_027_091_PAF_ITA_71-RETRO.jpg,,,,,,,,,,,,,,,,,,,Pokemon_Basg_027_091_PAF_ITA_71,,,,,,,,
,Fase 140/167 Pokémon TCG ITA,"🎴 Vendo carta Pokémon TCG Fase 140/167 in ita originale.
✨ Carta Pokémon singola dell'espansione Espansione Sconosciuta (UNK), ideale per collezionisti e giocatori Pokémon TCG.

📋 Dettagli:
Nome: Fase
Numero: 140/167
Espansione: Espansione Sconosciuta (UNK)
Lingua: ITA
Condizioni: Ottime Condizioni

📸 Riceverai esattamente ciò che vedi in foto. Le foto sono parte integrante della descrizione.
📦 La carta verrà spedita protetta con sleeve e/o supporto rigido per garantirne la massima sicurezza durante il trasporto.
🚚 Spedizione generalmente effettuata entro 24h lavorative.
🛒 Consulta il mio armadio per altre carte Pokémon e annunci simili.
💥 Acquistando più articoli puoi creare un set e ottenere sconti dedicati.

#PokemonTCG #Pokemon #Fase #PokemonIta #CartaPokemon #CartePokemon",191646,Pokémon,15,,,,4875,,2,1,,,,,1.00,EUR,https://raw.githubusercontent.com/pandabayo/tcg-foto/main/_stage_git/Pokemon_Fase_140_167_UNK_ITA_72-FRONTE.jpg,https://raw.githubusercontent.com/pandabayo/tcg-foto/main/_stage_git/Pokemon_Fase_140_167_UNK_ITA_72-RETRO.jpg,,,,,,,,,,,,,,,,,,,Pokemon_Fase_140_167_UNK_ITA_72,,,,,,,,
,Fasg 014/191 Pokémon TCG ITA,"🎴 Vendo carta Pokémon TCG Fasg 014/191 in ita originale.
✨ Carta Pokémon singola dell'espansione Espansione Sconosciuta (UNK), ideale per collezionisti e giocatori Pokémon TCG.

📋 Dettagli:
Nome: Fasg
Numero: 014/191
Espansione: Espansione Sconosciuta (UNK)
Lingua: ITA
Condizioni: Ottime Condizioni

📸 Riceverai esattamente ciò che vedi in foto. Le foto sono parte integrante della descrizione.
📦 La carta verrà spedita protetta con sleeve e/o supporto rigido per garantirne la massima sicurezza durante il trasporto.
🚚 Spedizione generalmente effettuata entro 24h lavorative.
🛒 Consulta il mio armadio per altre carte Pokémon e annunci simili.
💥 Acquistando più articoli puoi creare un set e ottenere sconti dedicati.

#PokemonTCG #Pokemon #Fasg #PokemonIta #CartaPokemon #CartePokemon",191646,Pokémon,15,,,,4875,,2,1,,,,,1.00,EUR,https://raw.githubusercontent.com/pandabayo/tcg-foto/main/_stage_git/Pokemon_Fasg_014_191_UNK_ITA_73-FRONTE.jpg,https://raw.githubusercontent.com/pandabayo/tcg-foto/main/_stage_git/Pokemon_Fasg_014_191_UNK_ITA_73-RETRO.jpg,,,,,,,,,,,,,,,,,,,Pokemon_Fasg_014_191_UNK_ITA_73,,,,,,,,
,Fase 042/064 Pokémon TCG ITA,"🎴 Vendo carta Pokémon TCG Fase 042/064 in ita originale.
✨ Carta Pokémon singola dell'espansione Espansione Sconosciuta (UNK), ideale per collezionisti e giocatori Pokémon TCG.

📋 Dettagli:
Nome: Fase
Numero: 042/064
Espansione: Espansione Sconosciuta (UNK)
Lingua: ITA
Condizioni: Ottime Condizioni

📸 Riceverai esattamente ciò che vedi in foto. Le foto sono parte integrante della descrizione.
📦 La carta verrà spedita protetta con sleeve e/o supporto rigido per garantirne la massima sicurezza durante il trasporto.
🚚 Spedizione generalmente effettuata entro 24h lavorative.
🛒 Consulta il mio armadio per altre carte Pokémon e annunci simili.
💥 Acquistando più articoli puoi creare un set e ottenere sconti dedicati.

#PokemonTCG #Pokemon #Fase #PokemonIta #CartaPokemon #CartePokemon",191646,Pokémon,15,,,,4875,,2,1,,,,,1.00,EUR,https://raw.githubusercontent.com/pandabayo/tcg-foto/main/_stage_git/Pokemon_Fase_042_064_UNK_ITA_74-FRONTE.jpg,https://raw.githubusercontent.com/pandabayo/tcg-foto/main/_stage_git/Pokemon_Fase_042_064_UNK_ITA_74-RETRO.jpg,,,,,,,,,,,,,,,,,,,Pokemon_Fase_042_064_UNK_ITA_74,,,,,,,,
,Fasg 085/159 Pokémon TCG ITA,"🎴 Vendo carta Pokémon TCG Fasg 085/159 in ita originale.
✨ Carta Pokémon singola dell'espansione Espansione Sconosciuta (UNK), ideale per collezionisti e giocatori Pokémon TCG.

📋 Dettagli:
Nome: Fasg
Numero: 085/159
Espansione: Espansione Sconosciuta (UNK)
Lingua: ITA
Condizioni: Ottime Condizioni

📸 Riceverai esattamente ciò che vedi in foto. Le foto sono parte integrante della descrizione.
📦 La carta verrà spedita protetta con sleeve e/o supporto rigido per garantirne la massima sicurezza durante il trasporto.
🚚 Spedizione generalmente effettuata entro 24h lavorative.
🛒 Consulta il mio armadio per altre carte Pokémon e annunci simili.
💥 Acquistando più articoli puoi creare un set e ottenere sconti dedicati.

#PokemonTCG #Pokemon #Fasg #PokemonIta #CartaPokemon #CartePokemon",191646,Pokémon,15,,,,4875,,2,1,,,,,1.00,EUR,https://raw.githubusercontent.com/pandabayo/tcg-foto/main/_stage_git/Pokemon_Fasg_085_159_UNK_ITA_75-FRONTE.jpg,https://raw.githubusercontent.com/pandabayo/tcg-foto/main/_stage_git/Pokemon_Fasg_085_159_UNK_ITA_75-RETRO.jpg,,,,,,,,,,,,,,,,,,,Pokemon_Fasg_085_159_UNK_ITA_75,,,,,,,,
,Base 017/094 Pokémon TCG ITA,"🎴 Vendo carta Pokémon TCG Base 017/094 in ita originale.
✨ Carta Pokémon singola dell'espansione Espansione Sconosciuta (UNK), ideale per collezionisti e giocatori Pokémon TCG.

📋 Dettagli:
Nome: Base
Numero: 017/094
Espansione: Espansione Sconosciuta (UNK)
Lingua: ITA
Condizioni: Ottime Condizioni

📸 Riceverai esattamente ciò che vedi in foto. Le foto sono parte integrante della descrizione.
📦 La carta verrà spedita protetta con sleeve e/o supporto rigido per garantirne la massima sicurezza durante il trasporto.
🚚 Spedizione generalmente effettuata entro 24h lavorative.
🛒 Consulta il mio armadio per altre carte Pokémon e annunci simili.
💥 Acquistando più articoli puoi creare un set e ottenere sconti dedicati.

#PokemonTCG #Pokemon #Base #PokemonIta #CartaPokemon #CartePokemon",191646,Pokémon,15,,,,4875,,2,1,,,,,1.00,EUR,https://raw.githubusercontent.com/pandabayo/tcg-foto/main/_stage_git/Pokemon_Base_017_094_UNK_ITA_76-FRONTE.jpg,https://raw.githubusercontent.com/pandabayo/tcg-foto/main/_stage_git/Pokemon_Base_017_094_UNK_ITA_76-RETRO.jpg,,,,,,,,,,,,,,,,,,,Pokemon_Base_017_094_UNK_ITA_76,,,,,,,,
,Gasg 042/064 Pokémon TCG ITA,"🎴 Vendo carta Pokémon TCG Gasg 042/064 in ita originale.
✨ Carta Pokémon singola dell'espansione Espansione Sconosciuta (UNK), ideale per collezionisti e giocatori Pokémon TCG.

📋 Dettagli:
Nome: Gasg
Numero: 042/064
Espansione: Espansione Sconosciuta (UNK)
Lingua: ITA
Condizioni: Ottime Condizioni

📸 Riceverai esattamente ciò che vedi in foto. Le foto sono parte integrante della descrizione.
📦 La carta verrà spedita protetta con sleeve e/o supporto rigido per garantirne la massima sicurezza durante il trasporto.
🚚 Spedizione generalmente effettuata entro 24h lavorative.
🛒 Consulta il mio armadio per altre carte Pokémon e annunci simili.
💥 Acquistando più articoli puoi creare un set e ottenere sconti dedicati.

#PokemonTCG #Pokemon #Gasg #PokemonIta #CartaPokemon #CartePokemon",191646,Pokémon,15,,,,4875,,2,1,,,,,1.00,EUR,https://raw.githubusercontent.com/pandabayo/tcg-foto/main/_stage_git/Pokemon_Gasg_042_064_UNK_ITA_77-FRONTE.jpg,https://raw.githubusercontent.com/pandabayo/tcg-foto/main/_stage_git/Pokemon_Gasg_042_064_UNK_ITA_77-RETRO.jpg,,,,,,,,,,,,,,,,,,,Pokemon_Gasg_042_064_UNK_ITA_77,,,,,,,,
,Fase 012/217 Pokémon TCG ITA,"🎴 Vendo carta Pokémon TCG Fase 012/217 in ita originale.
✨ Carta Pokémon singola dell'espansione Espansione Sconosciuta (UNK), ideale per collezionisti e giocatori Pokémon TCG.

📋 Dettagli:
Nome: Fase
Numero: 012/217
Espansione: Espansione Sconosciuta (UNK)
Lingua: ITA
Condizioni: Ottime Condizioni

📸 Riceverai esattamente ciò che vedi in foto. Le foto sono parte integrante della descrizione.
📦 La carta verrà spedita protetta con sleeve e/o supporto rigido per garantirne la massima sicurezza durante il trasporto.
🚚 Spedizione generalmente effettuata entro 24h lavorative.
🛒 Consulta il mio armadio per altre carte Pokémon e annunci simili.
💥 Acquistando più articoli puoi creare un set e ottenere sconti dedicati.

#PokemonTCG #Pokemon #Fase #PokemonIta #CartaPokemon #CartePokemon",191646,Pokémon,15,,,,4875,,2,1,,,,,1.00,EUR,https://raw.githubusercontent.com/pandabayo/tcg-foto/main/_stage_git/Pokemon_Fase_012_217_UNK_ITA_78-FRONTE.jpg,https://raw.githubusercontent.com/pandabayo/tcg-foto/main/_stage_git/Pokemon_Fase_012_217_UNK_ITA_78-RETRO.jpg,,,,,,,,,,,,,,,,,,,Pokemon_Fase_012_217_UNK_ITA_78,,,,,,,,
,Fase 001/001 Pokémon TCG ITA,"🎴 Vendo carta Pokémon TCG Fase 001/001 in ita originale.
✨ Carta Pokémon singola dell'espansione Espansione Sconosciuta (UNK), ideale per collezionisti e giocatori Pokémon TCG.

📋 Dettagli:
Nome: Fase
Numero: 001/001
Espansione: Espansione Sconosciuta (UNK)
Lingua: ITA
Condizioni: Ottime Condizioni

📸 Riceverai esattamente ciò che vedi in foto. Le foto sono parte integrante della descrizione.
📦 La carta verrà spedita protetta con sleeve e/o supporto rigido per garantirne la massima sicurezza durante il trasporto.
🚚 Spedizione generalmente effettuata entro 24h lavorative.
🛒 Consulta il mio armadio per altre carte Pokémon e annunci simili.
💥 Acquistando più articoli puoi creare un set e ottenere sconti dedicati.

#PokemonTCG #Pokemon #Fase #PokemonIta #CartaPokemon #CartePokemon",191646,Pokémon,15,,,,4875,,2,1,,,,,1.00,EUR,https://raw.githubusercontent.com/pandabayo/tcg-foto/main/_stage_git/Pokemon_Fase_001_001_UNK_ITA_79-FRONTE.jpg,https://raw.githubusercontent.com/pandabayo/tcg-foto/main/_stage_git/Pokemon_Fase_001_001_UNK_ITA_79-RETRO.jpg,,,,,,,,,,,,,,,,,,,Pokemon_Fase_001_001_UNK_ITA_79,,,,,,,,
,Base 095/132 Pokémon TCG ITA,"🎴 Vendo carta Pokémon TCG Base 095/132 in ita originale.
✨ Carta Pokémon singola dell'espansione Espansione Sconosciuta (UNK), ideale per collezionisti e giocatori Pokémon TCG.

📋 Dettagli:
Nome: Base
Numero: 095/132
Espansione: Espansione Sconosciuta (UNK)
Lingua: ITA
Condizioni: Ottime Condizioni

📸 Riceverai esattamente ciò che vedi in foto. Le foto sono parte integrante della descrizione.
📦 La carta verrà spedita protetta con sleeve e/o supporto rigido per garantirne la massima sicurezza durante il trasporto.
🚚 Spedizione generalmente effettuata entro 24h lavorative.
🛒 Consulta il mio armadio per altre carte Pokémon e annunci simili.
💥 Acquistando più articoli puoi creare un set e ottenere sconti dedicati.

#PokemonTCG #Pokemon #Base #PokemonIta #CartaPokemon #CartePokemon",191646,Pokémon,15,,,,4875,,2,1,,,,,1.00,EUR,https://raw.githubusercontent.com/pandabayo/tcg-foto/main/_stage_git/Pokemon_Base_095_132_UNK_ITA_80-FRONTE.jpg,https://raw.githubusercontent.com/pandabayo/tcg-foto/main/_stage_git/Pokemon_Base_095_132_UNK_ITA_80-RETRO.jpg,,,,,,,,,,,,,,,,,,,Pokemon_Base_095_132_UNK_ITA_80,,,,,,,,
,Fasg 080/131 Pokémon TCG ITA,"🎴 Vendo carta Pokémon TCG Fasg 080/131 in ita originale.
✨ Carta Pokémon singola dell'espansione Prismatic Evolutions (PRE), ideale per collezionisti e giocatori Pokémon TCG.

📋 Dettagli:
Nome: Fasg
Numero: 080/131
Espansione: Prismatic Evolutions (PRE)
Lingua: ITA
Condizioni: Ottime Condizioni

📸 Riceverai esattamente ciò che vedi in foto. Le foto sono parte integrante della descrizione.
📦 La carta verrà spedita protetta con sleeve e/o supporto rigido per garantirne la massima sicurezza durante il trasporto.
🚚 Spedizione generalmente effettuata entro 24h lavorative.
🛒 Consulta il mio armadio per altre carte Pokémon e annunci simili.
💥 Acquistando più articoli puoi creare un set e ottenere sconti dedicati.

#PokemonTCG #Pokemon #Fasg #PokemonIta #CartaPokemon #CartePokemon #PRE",191646,Pokémon,15,,,,4875,,2,1,,,,,1.00,EUR,https://raw.githubusercontent.com/pandabayo/tcg-foto/main/_stage_git/Pokemon_Fasg_080_131_PRE_ITA_81-FRONTE.jpg,https://raw.githubusercontent.com/pandabayo/tcg-foto/main/_stage_git/Pokemon_Fasg_080_131_PRE_ITA_81-RETRO.jpg,,,,,,,,,,,,,,,,,,,Pokemon_Fasg_080_131_PRE_ITA_81,,,,,,,,
,Base 025/217 Pokémon TCG ITA,"🎴 Vendo carta Pokémon TCG Base 025/217 in ita originale.
✨ Carta Pokémon singola dell'espansione Espansione Sconosciuta (UNK), ideale per collezionisti e giocatori Pokémon TCG.

📋 Dettagli:
Nome: Base
Numero: 025/217
Espansione: Espansione Sconosciuta (UNK)
Lingua: ITA
Condizioni: Ottime Condizioni

📸 Riceverai esattamente ciò che vedi in foto. Le foto sono parte integrante della descrizione.
📦 La carta verrà spedita protetta con sleeve e/o supporto rigido per garantirne la massima sicurezza durante il trasporto.
🚚 Spedizione generalmente effettuata entro 24h lavorative.
🛒 Consulta il mio armadio per altre carte Pokémon e annunci simili.
💥 Acquistando più articoli puoi creare un set e ottenere sconti dedicati.

#PokemonTCG #Pokemon #Base #PokemonIta #CartaPokemon #CartePokemon",191646,Pokémon,15,,,,4875,,2,1,,,,,1.00,EUR,https://raw.githubusercontent.com/pandabayo/tcg-foto/main/_stage_git/Pokemon_Base_025_217_UNK_ITA_82-FRONTE.jpg,https://raw.githubusercontent.com/pandabayo/tcg-foto/main/_stage_git/Pokemon_Base_025_217_UNK_ITA_82-RETRO.jpg,,,,,,,,,,,,,,,,,,,Pokemon_Base_025_217_UNK_ITA_82,,,,,,,,
,Fase 030/21 Pokémon TCG ITA,"🎴 Vendo carta Pokémon TCG Fase 030/21 in ita originale.
✨ Carta Pokémon singola dell'espansione Espansione Sconosciuta (UNK), ideale per collezionisti e giocatori Pokémon TCG.

📋 Dettagli:
Nome: Fase
Numero: 030/21
Espansione: Espansione Sconosciuta (UNK)
Lingua: ITA
Condizioni: Ottime Condizioni

📸 Riceverai esattamente ciò che vedi in foto. Le foto sono parte integrante della descrizione.
📦 La carta verrà spedita protetta con sleeve e/o supporto rigido per garantirne la massima sicurezza durante il trasporto.
🚚 Spedizione generalmente effettuata entro 24h lavorative.
🛒 Consulta il mio armadio per altre carte Pokémon e annunci simili.
💥 Acquistando più articoli puoi creare un set e ottenere sconti dedicati.

#PokemonTCG #Pokemon #Fase #PokemonIta #CartaPokemon #CartePokemon",191646,Pokémon,15,,,,4875,,2,1,,,,,1.00,EUR,https://raw.githubusercontent.com/pandabayo/tcg-foto/main/_stage_git/Pokemon_Fase_030_21_UNK_ITA_83-FRONTE.jpg,https://raw.githubusercontent.com/pandabayo/tcg-foto/main/_stage_git/Pokemon_Fase_030_21_UNK_ITA_83-RETRO.jpg,,,,,,,,,,,,,,,,,,,Pokemon_Fase_030_21_UNK_ITA_83,,,,,,,,
,Gase 034/094 Pokémon TCG ITA,"🎴 Vendo carta Pokémon TCG Gase 034/094 in ita originale.
✨ Carta Pokémon singola dell'espansione Espansione Sconosciuta (UNK), ideale per collezionisti e giocatori Pokémon TCG.

📋 Dettagli:
Nome: Gase
Numero: 034/094
Espansione: Espansione Sconosciuta (UNK)
Lingua: ITA
Condizioni: Ottime Condizioni

📸 Riceverai esattamente ciò che vedi in foto. Le foto sono parte integrante della descrizione.
📦 La carta verrà spedita protetta con sleeve e/o supporto rigido per garantirne la massima sicurezza durante il trasporto.
🚚 Spedizione generalmente effettuata entro 24h lavorative.
🛒 Consulta il mio armadio per altre carte Pokémon e annunci simili.
💥 Acquistando più articoli puoi creare un set e ottenere sconti dedicati.

#PokemonTCG #Pokemon #Gase #PokemonIta #CartaPokemon #CartePokemon",191646,Pokémon,15,,,,4875,,2,1,,,,,1.00,EUR,https://raw.githubusercontent.com/pandabayo/tcg-foto/main/_stage_git/Pokemon_Gase_034_094_UNK_ITA_84-FRONTE.jpg,https://raw.githubusercontent.com/pandabayo/tcg-foto/main/_stage_git/Pokemon_Gase_034_094_UNK_ITA_84-RETRO.jpg,,,,,,,,,,,,,,,,,,,Pokemon_Gase_034_094_UNK_ITA_84,,,,,,,,
,Fase 001/001 Pokémon TCG ITA,"🎴 Vendo carta Pokémon TCG Fase 001/001 in ita originale.
✨ Carta Pokémon singola dell'espansione Espansione Sconosciuta (UNK), ideale per collezionisti e giocatori Pokémon TCG.

📋 Dettagli:
Nome: Fase
Numero: 001/001
Espansione: Espansione Sconosciuta (UNK)
Lingua: ITA
Condizioni: Ottime Condizioni

📸 Riceverai esattamente ciò che vedi in foto. Le foto sono parte integrante della descrizione.
📦 La carta verrà spedita protetta con sleeve e/o supporto rigido per garantirne la massima sicurezza durante il trasporto.
🚚 Spedizione generalmente effettuata entro 24h lavorative.
🛒 Consulta il mio armadio per altre carte Pokémon e annunci simili.
💥 Acquistando più articoli puoi creare un set e ottenere sconti dedicati.

#PokemonTCG #Pokemon #Fase #PokemonIta #CartaPokemon #CartePokemon",191646,Pokémon,15,,,,4875,,2,1,,,,,1.00,EUR,https://raw.githubusercontent.com/pandabayo/tcg-foto/main/_stage_git/Pokemon_Fase_001_001_UNK_ITA_85-FRONTE.jpg,https://raw.githubusercontent.com/pandabayo/tcg-foto/main/_stage_git/Pokemon_Fase_001_001_UNK_ITA_85-RETRO.jpg,,,,,,,,,,,,,,,,,,,Pokemon_Fase_001_001_UNK_ITA_85,,,,,,,,
,Base 042/086 Pokémon TCG ITA,"🎴 Vendo carta Pokémon TCG Base 042/086 in ita originale.
✨ Carta Pokémon singola dell'espansione Espansione Sconosciuta (UNK), ideale per collezionisti e giocatori Pokémon TCG.

📋 Dettagli:
Nome: Base
Numero: 042/086
Espansione: Espansione Sconosciuta (UNK)
Lingua: ITA
Condizioni: Ottime Condizioni

📸 Riceverai esattamente ciò che vedi in foto. Le foto sono parte integrante della descrizione.
📦 La carta verrà spedita protetta con sleeve e/o supporto rigido per garantirne la massima sicurezza durante il trasporto.
🚚 Spedizione generalmente effettuata entro 24h lavorative.
🛒 Consulta il mio armadio per altre carte Pokémon e annunci simili.
💥 Acquistando più articoli puoi creare un set e ottenere sconti dedicati.

#PokemonTCG #Pokemon #Base #PokemonIta #CartaPokemon #CartePokemon",191646,Pokémon,15,,,,4875,,2,1,,,,,1.00,EUR,https://raw.githubusercontent.com/pandabayo/tcg-foto/main/_stage_git/Pokemon_Base_042_086_UNK_ITA_86-FRONTE.jpg,https://raw.githubusercontent.com/pandabayo/tcg-foto/main/_stage_git/Pokemon_Base_042_086_UNK_ITA_86-RETRO.jpg,,,,,,,,,,,,,,,,,,,Pokemon_Base_042_086_UNK_ITA_86,,,,,,,,
,Lastt 001/001 Pokémon TCG ITA,"🎴 Vendo carta Pokémon TCG Lastt 001/001 in ita originale.
✨ Carta Pokémon singola dell'espansione Espansione Sconosciuta (UNK), ideale per collezionisti e giocatori Pokémon TCG.

📋 Dettagli:
Nome: Lastt
Numero: 001/001
Espansione: Espansione Sconosciuta (UNK)
Lingua: ITA
Condizioni: Ottime Condizioni

📸 Riceverai esattamente ciò che vedi in foto. Le foto sono parte integrante della descrizione.
📦 La carta verrà spedita protetta con sleeve e/o supporto rigido per garantirne la massima sicurezza durante il trasporto.
🚚 Spedizione generalmente effettuata entro 24h lavorative.
🛒 Consulta il mio armadio per altre carte Pokémon e annunci simili.
💥 Acquistando più articoli puoi creare un set e ottenere sconti dedicati.

#PokemonTCG #Pokemon #Lastt #PokemonIta #CartaPokemon #CartePokemon",191646,Pokémon,15,,,,4875,,2,1,,,,,1.00,EUR,https://raw.githubusercontent.com/pandabayo/tcg-foto/main/_stage_git/Pokemon_Lastt_001_001_UNK_ITA_87-FRONTE.jpg,https://raw.githubusercontent.com/pandabayo/tcg-foto/main/_stage_git/Pokemon_Lastt_001_001_UNK_ITA_87-RETRO.jpg,,,,,,,,,,,,,,,,,,,Pokemon_Lastt_001_001_UNK_ITA_87,,,,,,,,
,Cfaliv 001/001 Pokémon TCG ITA,"🎴 Vendo carta Pokémon TCG Cfaliv 001/001 in ita originale.
✨ Carta Pokémon singola dell'espansione Espansione Sconosciuta (UNK), ideale per collezionisti e giocatori Pokémon TCG.

📋 Dettagli:
Nome: Cfaliv
Numero: 001/001
Espansione: Espansione Sconosciuta (UNK)
Lingua: ITA
Condizioni: Ottime Condizioni

📸 Riceverai esattamente ciò che vedi in foto. Le foto sono parte integrante della descrizione.
📦 La carta verrà spedita protetta con sleeve e/o supporto rigido per garantirne la massima sicurezza durante il trasporto.
🚚 Spedizione generalmente effettuata entro 24h lavorative.
🛒 Consulta il mio armadio per altre carte Pokémon e annunci simili.
💥 Acquistando più articoli puoi creare un set e ottenere sconti dedicati.

#PokemonTCG #Pokemon #Cfaliv #PokemonIta #CartaPokemon #CartePokemon",191646,Pokémon,15,,,,4875,,2,1,,,,,1.00,EUR,https://raw.githubusercontent.com/pandabayo/tcg-foto/main/_stage_git/Pokemon_Cfaliv_001_001_UNK_ITA_88-FRONTE.jpg,https://raw.githubusercontent.com/pandabayo/tcg-foto/main/_stage_git/Pokemon_Cfaliv_001_001_UNK_ITA_88-RETRO.jpg,,,,,,,,,,,,,,,,,,,Pokemon_Cfaliv_001_001_UNK_ITA_88,,,,,,,,
,Syfdx 056/086 Pokémon TCG ITA,"🎴 Vendo carta Pokémon TCG Syfdx 056/086 in ita originale.
✨ Carta Pokémon singola dell'espansione Espansione Sconosciuta (UNK), ideale per collezionisti e giocatori Pokémon TCG.

📋 Dettagli:
Nome: Syfdx
Numero: 056/086
Espansione: Espansione Sconosciuta (UNK)
Lingua: ITA
Condizioni: Ottime Condizioni

📸 Riceverai esattamente ciò che vedi in foto. Le foto sono parte integrante della descrizione.
📦 La carta verrà spedita protetta con sleeve e/o supporto rigido per garantirne la massima sicurezza durante il trasporto.
🚚 Spedizione generalmente effettuata entro 24h lavorative.
🛒 Consulta il mio armadio per altre carte Pokémon e annunci simili.
💥 Acquistando più articoli puoi creare un set e ottenere sconti dedicati.

#PokemonTCG #Pokemon #Syfdx #PokemonIta #CartaPokemon #CartePokemon",191646,Pokémon,15,,,,4875,,2,1,,,,,1.00,EUR,https://raw.githubusercontent.com/pandabayo/tcg-foto/main/_stage_git/Pokemon_Syfdx_056_086_UNK_ITA_89-FRONTE.jpg,https://raw.githubusercontent.com/pandabayo/tcg-foto/main/_stage_git/Pokemon_Syfdx_056_086_UNK_ITA_89-RETRO.jpg,,,,,,,,,,,,,,,,,,,Pokemon_Syfdx_056_086_UNK_ITA_89,,,,,,,,
,Btitt 001/008 Pokémon TCG ITA,"🎴 Vendo carta Pokémon TCG Btitt 001/008 in ita originale.
✨ Carta Pokémon singola dell'espansione Espansione Sconosciuta (UNK), ideale per collezionisti e giocatori Pokémon TCG.

📋 Dettagli:
Nome: Btitt
Numero: 001/008
Espansione: Espansione Sconosciuta (UNK)
Lingua: ITA
Condizioni: Ottime Condizioni

📸 Riceverai esattamente ciò che vedi in foto. Le foto sono parte integrante della descrizione.
📦 La carta verrà spedita protetta con sleeve e/o supporto rigido per garantirne la massima sicurezza durante il trasporto.
🚚 Spedizione generalmente effettuata entro 24h lavorative.
🛒 Consulta il mio armadio per altre carte Pokémon e annunci simili.
💥 Acquistando più articoli puoi creare un set e ottenere sconti dedicati.

#PokemonTCG #Pokemon #Btitt #PokemonIta #CartaPokemon #CartePokemon",191646,Pokémon,15,,,,4875,,2,1,,,,,1.00,EUR,https://raw.githubusercontent.com/pandabayo/tcg-foto/main/_stage_git/Pokemon_Btitt_001_008_UNK_ITA_90-FRONTE.jpg,https://raw.githubusercontent.com/pandabayo/tcg-foto/main/_stage_git/Pokemon_Btitt_001_008_UNK_ITA_90-RETRO.jpg,,,,,,,,,,,,,,,,,,,Pokemon_Btitt_001_008_UNK_ITA_90,,,,,,,,
,Imitt 004/008 Pokémon TCG ITA,"🎴 Vendo carta Pokémon TCG Imitt 004/008 in ita originale.
✨ Carta Pokémon singola dell'espansione Espansione Sconosciuta (UNK), ideale per collezionisti e giocatori Pokémon TCG.

📋 Dettagli:
Nome: Imitt
Numero: 004/008
Espansione: Espansione Sconosciuta (UNK)
Lingua: ITA
Condizioni: Ottime Condizioni

📸 Riceverai esattamente ciò che vedi in foto. Le foto sono parte integrante della descrizione.
📦 La carta verrà spedita protetta con sleeve e/o supporto rigido per garantirne la massima sicurezza durante il trasporto.
🚚 Spedizione generalmente effettuata entro 24h lavorative.
🛒 Consulta il mio armadio per altre carte Pokémon e annunci simili.
💥 Acquistando più articoli puoi creare un set e ottenere sconti dedicati.

#PokemonTCG #Pokemon #Imitt #PokemonIta #CartaPokemon #CartePokemon",191646,Pokémon,15,,,,4875,,2,1,,,,,1.00,EUR,https://raw.githubusercontent.com/pandabayo/tcg-foto/main/_stage_git/Pokemon_Imitt_004_008_UNK_ITA_91-FRONTE.jpg,https://raw.githubusercontent.com/pandabayo/tcg-foto/main/_stage_git/Pokemon_Imitt_004_008_UNK_ITA_91-RETRO.jpg,,,,,,,,,,,,,,,,,,,Pokemon_Imitt_004_008_UNK_ITA_91,,,,,,,,
,Mitt 730/127 Pokémon TCG ITA,"🎴 Vendo carta Pokémon TCG Mitt 730/127 in ita originale.
✨ Carta Pokémon singola dell'espansione Espansione Sconosciuta (UNK), ideale per collezionisti e giocatori Pokémon TCG.

📋 Dettagli:
Nome: Mitt
Numero: 730/127
Espansione: Espansione Sconosciuta (UNK)
Lingua: ITA
Condizioni: Ottime Condizioni

📸 Riceverai esattamente ciò che vedi in foto. Le foto sono parte integrante della descrizione.
📦 La carta verrà spedita protetta con sleeve e/o supporto rigido per garantirne la massima sicurezza durante il trasporto.
🚚 Spedizione generalmente effettuata entro 24h lavorative.
🛒 Consulta il mio armadio per altre carte Pokémon e annunci simili.
💥 Acquistando più articoli puoi creare un set e ottenere sconti dedicati.

#PokemonTCG #Pokemon #Mitt #PokemonIta #CartaPokemon #CartePokemon",191646,Pokémon,15,,,,4875,,2,1,,,,,1.00,EUR,https://raw.githubusercontent.com/pandabayo/tcg-foto/main/_stage_git/Pokemon_Mitt_730_127_UNK_ITA_92-FRONTE.jpg,https://raw.githubusercontent.com/pandabayo/tcg-foto/main/_stage_git/Pokemon_Mitt_730_127_UNK_ITA_92-RETRO.jpg,,,,,,,,,,,,,,,,,,,Pokemon_Mitt_730_127_UNK_ITA_92,,,,,,,,
,Jlit 001/001 Pokémon TCG ITA,"🎴 Vendo carta Pokémon TCG Jlit 001/001 in ita originale.
✨ Carta Pokémon singola dell'espansione SV Black Star Promo (SVP), ideale per collezionisti e giocatori Pokémon TCG.

📋 Dettagli:
Nome: Jlit
Numero: 001/001
Espansione: SV Black Star Promo (SVP)
Lingua: ITA
Condizioni: Ottime Condizioni

📸 Riceverai esattamente ciò che vedi in foto. Le foto sono parte integrante della descrizione.
📦 La carta verrà spedita protetta con sleeve e/o supporto rigido per garantirne la massima sicurezza durante il trasporto.
🚚 Spedizione generalmente effettuata entro 24h lavorative.
🛒 Consulta il mio armadio per altre carte Pokémon e annunci simili.
💥 Acquistando più articoli puoi creare un set e ottenere sconti dedicati.

#PokemonTCG #Pokemon #Jlit #PokemonIta #CartaPokemon #CartePokemon #SVP",191646,Pokémon,15,,,,4875,,2,1,,,,,1.00,EUR,https://raw.githubusercontent.com/pandabayo/tcg-foto/main/_stage_git/Pokemon_Jlit_001_001_SVP_ITA_93-FRONTE.jpg,https://raw.githubusercontent.com/pandabayo/tcg-foto/main/_stage_git/Pokemon_Jlit_001_001_SVP_ITA_93-RETRO.jpg,,,,,,,,,,,,,,,,,,,Pokemon_Jlit_001_001_SVP_ITA_93,,,,,,,,
,Niaeb 001/001 Pokémon TCG ITA,"🎴 Vendo carta Pokémon TCG Niaeb 001/001 in ita originale.
✨ Carta Pokémon singola dell'espansione Espansione Sconosciuta (UNK), ideale per collezionisti e giocatori Pokémon TCG.

📋 Dettagli:
Nome: Niaeb
Numero: 001/001
Espansione: Espansione Sconosciuta (UNK)
Lingua: ITA
Condizioni: Ottime Condizioni

📸 Riceverai esattamente ciò che vedi in foto. Le foto sono parte integrante della descrizione.
📦 La carta verrà spedita protetta con sleeve e/o supporto rigido per garantirne la massima sicurezza durante il trasporto.
🚚 Spedizione generalmente effettuata entro 24h lavorative.
🛒 Consulta il mio armadio per altre carte Pokémon e annunci simili.
💥 Acquistando più articoli puoi creare un set e ottenere sconti dedicati.

#PokemonTCG #Pokemon #Niaeb #PokemonIta #CartaPokemon #CartePokemon",191646,Pokémon,15,,,,4875,,2,1,,,,,1.00,EUR,https://raw.githubusercontent.com/pandabayo/tcg-foto/main/_stage_git/Pokemon_Niaeb_001_001_UNK_ITA_94-FRONTE.jpg,https://raw.githubusercontent.com/pandabayo/tcg-foto/main/_stage_git/Pokemon_Niaeb_001_001_UNK_ITA_94-RETRO.jpg,,,,,,,,,,,,,,,,,,,Pokemon_Niaeb_001_001_UNK_ITA_94,,,,,,,,
,Ejoes 001/001 Pokémon TCG ITA,"🎴 Vendo carta Pokémon TCG Ejoes 001/001 in ita originale.
✨ Carta Pokémon singola dell'espansione Espansione Sconosciuta (UNK), ideale per collezionisti e giocatori Pokémon TCG.

📋 Dettagli:
Nome: Ejoes
Numero: 001/001
Espansione: Espansione Sconosciuta (UNK)
Lingua: ITA
Condizioni: Ottime Condizioni

📸 Riceverai esattamente ciò che vedi in foto. Le foto sono parte integrante della descrizione.
📦 La carta verrà spedita protetta con sleeve e/o supporto rigido per garantirne la massima sicurezza durante il trasporto.
🚚 Spedizione generalmente effettuata entro 24h lavorative.
🛒 Consulta il mio armadio per altre carte Pokémon e annunci simili.
💥 Acquistando più articoli puoi creare un set e ottenere sconti dedicati.

#PokemonTCG #Pokemon #Ejoes #PokemonIta #CartaPokemon #CartePokemon",191646,Pokémon,15,,,,4875,,2,1,,,,,1.00,EUR,https://raw.githubusercontent.com/pandabayo/tcg-foto/main/_stage_git/Pokemon_Ejoes_001_001_UNK_ITA_95-FRONTE.jpg,https://raw.githubusercontent.com/pandabayo/tcg-foto/main/_stage_git/Pokemon_Ejoes_001_001_UNK_ITA_95-RETRO.jpg,,,,,,,,,,,,,,,,,,,Pokemon_Ejoes_001_001_UNK_ITA_95,,,,,,,,
,Jilvty 068/086 Pokémon TCG ITA,"🎴 Vendo carta Pokémon TCG Jilvty 068/086 in ita originale.
✨ Carta Pokémon singola dell'espansione Espansione Sconosciuta (UNK), ideale per collezionisti e giocatori Pokémon TCG.

📋 Dettagli:
Nome: Jilvty
Numero: 068/086
Espansione: Espansione Sconosciuta (UNK)
Lingua: ITA
Condizioni: Ottime Condizioni

📸 Riceverai esattamente ciò che vedi in foto. Le foto sono parte integrante della descrizione.
📦 La carta verrà spedita protetta con sleeve e/o supporto rigido per garantirne la massima sicurezza durante il trasporto.
🚚 Spedizione generalmente effettuata entro 24h lavorative.
🛒 Consulta il mio armadio per altre carte Pokémon e annunci simili.
💥 Acquistando più articoli puoi creare un set e ottenere sconti dedicati.

#PokemonTCG #Pokemon #Jilvty #PokemonIta #CartaPokemon #CartePokemon",191646,Pokémon,15,,,,4875,,2,1,,,,,1.00,EUR,https://raw.githubusercontent.com/pandabayo/tcg-foto/main/_stage_git/Pokemon_Jilvty_068_086_UNK_ITA_96-FRONTE.jpg,https://raw.githubusercontent.com/pandabayo/tcg-foto/main/_stage_git/Pokemon_Jilvty_068_086_UNK_ITA_96-RETRO.jpg,,,,,,,,,,,,,,,,,,,Pokemon_Jilvty_068_086_UNK_ITA_96,,,,,,,,
,Mazmi 126/132 Pokémon TCG ITA,"🎴 Vendo carta Pokémon TCG Mazmi 126/132 in ita originale.
✨ Carta Pokémon singola dell'espansione Espansione Sconosciuta (UNK), ideale per collezionisti e giocatori Pokémon TCG.

📋 Dettagli:
Nome: Mazmi
Numero: 126/132
Espansione: Espansione Sconosciuta (UNK)
Lingua: ITA
Condizioni: Ottime Condizioni

📸 Riceverai esattamente ciò che vedi in foto. Le foto sono parte integrante della descrizione.
📦 La carta verrà spedita protetta con sleeve e/o supporto rigido per garantirne la massima sicurezza durante il trasporto.
🚚 Spedizione generalmente effettuata entro 24h lavorative.
🛒 Consulta il mio armadio per altre carte Pokémon e annunci simili.
💥 Acquistando più articoli puoi creare un set e ottenere sconti dedicati.

#PokemonTCG #Pokemon #Mazmi #PokemonIta #CartaPokemon #CartePokemon",191646,Pokémon,15,,,,4875,,2,1,,,,,1.00,EUR,https://raw.githubusercontent.com/pandabayo/tcg-foto/main/_stage_git/Pokemon_Mazmi_126_132_UNK_ITA_97-FRONTE.jpg,https://raw.githubusercontent.com/pandabayo/tcg-foto/main/_stage_git/Pokemon_Mazmi_126_132_UNK_ITA_97-RETRO.jpg,,,,,,,,,,,,,,,,,,,Pokemon_Mazmi_126_132_UNK_ITA_97,,,,,,,,
,Mazni 125/132 Pokémon TCG ITA,"🎴 Vendo carta Pokémon TCG Mazni 125/132 in ita originale.
✨ Carta Pokémon singola dell'espansione Espansione Sconosciuta (UNK), ideale per collezionisti e giocatori Pokémon TCG.

📋 Dettagli:
Nome: Mazni
Numero: 125/132
Espansione: Espansione Sconosciuta (UNK)
Lingua: ITA
Condizioni: Ottime Condizioni

📸 Riceverai esattamente ciò che vedi in foto. Le foto sono parte integrante della descrizione.
📦 La carta verrà spedita protetta con sleeve e/o supporto rigido per garantirne la massima sicurezza durante il trasporto.
🚚 Spedizione generalmente effettuata entro 24h lavorative.
🛒 Consulta il mio armadio per altre carte Pokémon e annunci simili.
💥 Acquistando più articoli puoi creare un set e ottenere sconti dedicati.

#PokemonTCG #Pokemon #Mazni #PokemonIta #CartaPokemon #CartePokemon",191646,Pokémon,15,,,,4875,,2,1,,,,,1.00,EUR,https://raw.githubusercontent.com/pandabayo/tcg-foto/main/_stage_git/Pokemon_Mazni_125_132_UNK_ITA_98-FRONTE.jpg,https://raw.githubusercontent.com/pandabayo/tcg-foto/main/_stage_git/Pokemon_Mazni_125_132_UNK_ITA_98-RETRO.jpg,,,,,,,,,,,,,,,,,,,Pokemon_Mazni_125_132_UNK_ITA_98,,,,,,,,
,Tjvj 010/067 Pokémon TCG ITA,"🎴 Vendo carta Pokémon TCG Tjvj 010/067 in ita originale.
✨ Carta Pokémon singola dell'espansione Espansione Sconosciuta (UNK), ideale per collezionisti e giocatori Pokémon TCG.

📋 Dettagli:
Nome: Tjvj
Numero: 010/067
Espansione: Espansione Sconosciuta (UNK)
Lingua: ITA
Condizioni: Ottime Condizioni

📸 Riceverai esattamente ciò che vedi in foto. Le foto sono parte integrante della descrizione.
📦 La carta verrà spedita protetta con sleeve e/o supporto rigido per garantirne la massima sicurezza durante il trasporto.
🚚 Spedizione generalmente effettuata entro 24h lavorative.
🛒 Consulta il mio armadio per altre carte Pokémon e annunci simili.
💥 Acquistando più articoli puoi creare un set e ottenere sconti dedicati.

#PokemonTCG #Pokemon #Tjvj #PokemonIta #CartaPokemon #CartePokemon",191646,Pokémon,15,,,,4875,,2,1,,,,,1.00,EUR,https://raw.githubusercontent.com/pandabayo/tcg-foto/main/_stage_git/Pokemon_Tjvj_010_067_UNK_ITA_99-FRONTE.jpg,https://raw.githubusercontent.com/pandabayo/tcg-foto/main/_stage_git/Pokemon_Tjvj_010_067_UNK_ITA_99-RETRO.jpg,,,,,,,,,,,,,,,,,,,Pokemon_Tjvj_010_067_UNK_ITA_99,,,,,,,,
,Zat 067/086 Pokémon TCG ITA,"🎴 Vendo carta Pokémon TCG Zat 067/086 in ita originale.
✨ Carta Pokémon singola dell'espansione Espansione Sconosciuta (UNK), ideale per collezionisti e giocatori Pokémon TCG.

📋 Dettagli:
Nome: Zat
Numero: 067/086
Espansione: Espansione Sconosciuta (UNK)
Lingua: ITA
Condizioni: Ottime Condizioni

📸 Riceverai esattamente ciò che vedi in foto. Le foto sono parte integrante della descrizione.
📦 La carta verrà spedita protetta con sleeve e/o supporto rigido per garantirne la massima sicurezza durante il trasporto.
🚚 Spedizione generalmente effettuata entro 24h lavorative.
🛒 Consulta il mio armadio per altre carte Pokémon e annunci simili.
💥 Acquistando più articoli puoi creare un set e ottenere sconti dedicati.

#PokemonTCG #Pokemon #Zat #PokemonIta #CartaPokemon #CartePokemon",191646,Pokémon,15,,,,4875,,2,1,,,,,1.00,EUR,https://raw.githubusercontent.com/pandabayo/tcg-foto/main/_stage_git/Pokemon_Zat_067_086_UNK_ITA_100-FRONTE.jpg,https://raw.githubusercontent.com/pandabayo/tcg-foto/main/_stage_git/Pokemon_Zat_067_086_UNK_ITA_100-RETRO.jpg,,,,,,,,,,,,,,,,,,,Pokemon_Zat_067_086_UNK_ITA_100,,,,,,,,
,Jagnt 106/193 Pokémon TCG ITA,"🎴 Vendo carta Pokémon TCG Jagnt 106/193 in ita originale.
✨ Carta Pokémon singola dell'espansione Espansione Sconosciuta (UNK), ideale per collezionisti e giocatori Pokémon TCG.

📋 Dettagli:
Nome: Jagnt
Numero: 106/193
Espansione: Espansione Sconosciuta (UNK)
Lingua: ITA
Condizioni: Ottime Condizioni

📸 Riceverai esattamente ciò che vedi in foto. Le foto sono parte integrante della descrizione.
📦 La carta verrà spedita protetta con sleeve e/o supporto rigido per garantirne la massima sicurezza durante il trasporto.
🚚 Spedizione generalmente effettuata entro 24h lavorative.
🛒 Consulta il mio armadio per altre carte Pokémon e annunci simili.
💥 Acquistando più articoli puoi creare un set e ottenere sconti dedicati.

#PokemonTCG #Pokemon #Jagnt #PokemonIta #CartaPokemon #CartePokemon",191646,Pokémon,15,,,,4875,,2,1,,,,,1.00,EUR,https://raw.githubusercontent.com/pandabayo/tcg-foto/main/_stage_git/Pokemon_Jagnt_106_193_UNK_ITA_101-FRONTE.jpg,https://raw.githubusercontent.com/pandabayo/tcg-foto/main/_stage_git/Pokemon_Jagnt_106_193_UNK_ITA_101-RETRO.jpg,,,,,,,,,,,,,,,,,,,Pokemon_Jagnt_106_193_UNK_ITA_101,,,,,,,,
,Xzdj 053/080 Pokémon TCG ITA,"🎴 Vendo carta Pokémon TCG Xzdj 053/080 in ita originale.
✨ Carta Pokémon singola dell'espansione Espansione Sconosciuta (UNK), ideale per collezionisti e giocatori Pokémon TCG.

📋 Dettagli:
Nome: Xzdj
Numero: 053/080
Espansione: Espansione Sconosciuta (UNK)
Lingua: ITA
Condizioni: Ottime Condizioni

📸 Riceverai esattamente ciò che vedi in foto. Le foto sono parte integrante della descrizione.
📦 La carta verrà spedita protetta con sleeve e/o supporto rigido per garantirne la massima sicurezza durante il trasporto.
🚚 Spedizione generalmente effettuata entro 24h lavorative.
🛒 Consulta il mio armadio per altre carte Pokémon e annunci simili.
💥 Acquistando più articoli puoi creare un set e ottenere sconti dedicati.

#PokemonTCG #Pokemon #Xzdj #PokemonIta #CartaPokemon #CartePokemon",191646,Pokémon,15,,,,4875,,2,1,,,,,1.00,EUR,https://raw.githubusercontent.com/pandabayo/tcg-foto/main/_stage_git/Pokemon_Xzdj_053_080_UNK_ITA_102-FRONTE.jpg,https://raw.githubusercontent.com/pandabayo/tcg-foto/main/_stage_git/Pokemon_Xzdj_053_080_UNK_ITA_102-RETRO.jpg,,,,,,,,,,,,,,,,,,,Pokemon_Xzdj_053_080_UNK_ITA_102,,,,,,,,
,Cfj 050/080 Pokémon TCG ITA,"🎴 Vendo carta Pokémon TCG Cfj 050/080 in ita originale.
✨ Carta Pokémon singola dell'espansione Espansione Sconosciuta (UNK), ideale per collezionisti e giocatori Pokémon TCG.

📋 Dettagli:
Nome: Cfj
Numero: 050/080
Espansione: Espansione Sconosciuta (UNK)
Lingua: ITA
Condizioni: Ottime Condizioni

📸 Riceverai esattamente ciò che vedi in foto. Le foto sono parte integrante della descrizione.
📦 La carta verrà spedita protetta con sleeve e/o supporto rigido per garantirne la massima sicurezza durante il trasporto.
🚚 Spedizione generalmente effettuata entro 24h lavorative.
🛒 Consulta il mio armadio per altre carte Pokémon e annunci simili.
💥 Acquistando più articoli puoi creare un set e ottenere sconti dedicati.

#PokemonTCG #Pokemon #Cfj #PokemonIta #CartaPokemon #CartePokemon",191646,Pokémon,15,,,,4875,,2,1,,,,,1.00,EUR,https://raw.githubusercontent.com/pandabayo/tcg-foto/main/_stage_git/Pokemon_Cfj_050_080_UNK_ITA_103-FRONTE.jpg,https://raw.githubusercontent.com/pandabayo/tcg-foto/main/_stage_git/Pokemon_Cfj_050_080_UNK_ITA_103-RETRO.jpg,,,,,,,,,,,,,,,,,,,Pokemon_Cfj_050_080_UNK_ITA_103,,,,,,,,
,Llino 048/080 Pokémon TCG ITA,"🎴 Vendo carta Pokémon TCG Llino 048/080 in ita originale.
✨ Carta Pokémon singola dell'espansione Espansione Sconosciuta (UNK), ideale per collezionisti e giocatori Pokémon TCG.

📋 Dettagli:
Nome: Llino
Numero: 048/080
Espansione: Espansione Sconosciuta (UNK)
Lingua: ITA
Condizioni: Ottime Condizioni

📸 Riceverai esattamente ciò che vedi in foto. Le foto sono parte integrante della descrizione.
📦 La carta verrà spedita protetta con sleeve e/o supporto rigido per garantirne la massima sicurezza durante il trasporto.
🚚 Spedizione generalmente effettuata entro 24h lavorative.
🛒 Consulta il mio armadio per altre carte Pokémon e annunci simili.
💥 Acquistando più articoli puoi creare un set e ottenere sconti dedicati.

#PokemonTCG #Pokemon #Llino #PokemonIta #CartaPokemon #CartePokemon",191646,Pokémon,15,,,,4875,,2,1,,,,,1.00,EUR,https://raw.githubusercontent.com/pandabayo/tcg-foto/main/_stage_git/Pokemon_Llino_048_080_UNK_ITA_104-FRONTE.jpg,https://raw.githubusercontent.com/pandabayo/tcg-foto/main/_stage_git/Pokemon_Llino_048_080_UNK_ITA_104-RETRO.jpg,,,,,,,,,,,,,,,,,,,Pokemon_Llino_048_080_UNK_ITA_104,,,,,,,,
,Xzdj 053/080 Pokémon TCG ITA,"🎴 Vendo carta Pokémon TCG Xzdj 053/080 in ita originale.
✨ Carta Pokémon singola dell'espansione Espansione Sconosciuta (UNK), ideale per collezionisti e giocatori Pokémon TCG.

📋 Dettagli:
Nome: Xzdj
Numero: 053/080
Espansione: Espansione Sconosciuta (UNK)
Lingua: ITA
Condizioni: Ottime Condizioni

📸 Riceverai esattamente ciò che vedi in foto. Le foto sono parte integrante della descrizione.
📦 La carta verrà spedita protetta con sleeve e/o supporto rigido per garantirne la massima sicurezza durante il trasporto.
🚚 Spedizione generalmente effettuata entro 24h lavorative.
🛒 Consulta il mio armadio per altre carte Pokémon e annunci simili.
💥 Acquistando più articoli puoi creare un set e ottenere sconti dedicati.

#PokemonTCG #Pokemon #Xzdj #PokemonIta #CartaPokemon #CartePokemon",191646,Pokémon,15,,,,4875,,2,1,,,,,1.00,EUR,https://raw.githubusercontent.com/pandabayo/tcg-foto/main/_stage_git/Pokemon_Xzdj_053_080_UNK_ITA_105-FRONTE.jpg,https://raw.githubusercontent.com/pandabayo/tcg-foto/main/_stage_git/Pokemon_Xzdj_053_080_UNK_ITA_105-RETRO.jpg,,,,,,,,,,,,,,,,,,,Pokemon_Xzdj_053_080_UNK_ITA_105,,,,,,,,
,Ivxy 056/080 Pokémon TCG ITA,"🎴 Vendo carta Pokémon TCG Ivxy 056/080 in ita originale.
✨ Carta Pokémon singola dell'espansione Espansione Sconosciuta (UNK), ideale per collezionisti e giocatori Pokémon TCG.

📋 Dettagli:
Nome: Ivxy
Numero: 056/080
Espansione: Espansione Sconosciuta (UNK)
Lingua: ITA
Condizioni: Ottime Condizioni

📸 Riceverai esattamente ciò che vedi in foto. Le foto sono parte integrante della descrizione.
📦 La carta verrà spedita protetta con sleeve e/o supporto rigido per garantirne la massima sicurezza durante il trasporto.
🚚 Spedizione generalmente effettuata entro 24h lavorative.
🛒 Consulta il mio armadio per altre carte Pokémon e annunci simili.
💥 Acquistando più articoli puoi creare un set e ottenere sconti dedicati.

#PokemonTCG #Pokemon #Ivxy #PokemonIta #CartaPokemon #CartePokemon",191646,Pokémon,15,,,,4875,,2,1,,,,,1.00,EUR,https://raw.githubusercontent.com/pandabayo/tcg-foto/main/_stage_git/Pokemon_Ivxy_056_080_UNK_ITA_106-FRONTE.jpg,https://raw.githubusercontent.com/pandabayo/tcg-foto/main/_stage_git/Pokemon_Ivxy_056_080_UNK_ITA_106-RETRO.jpg,,,,,,,,,,,,,,,,,,,Pokemon_Ivxy_056_080_UNK_ITA_106,,,,,,,,
,Flino 048/080 Pokémon TCG ITA,"🎴 Vendo carta Pokémon TCG Flino 048/080 in ita originale.
✨ Carta Pokémon singola dell'espansione Espansione Sconosciuta (UNK), ideale per collezionisti e giocatori Pokémon TCG.

📋 Dettagli:
Nome: Flino
Numero: 048/080
Espansione: Espansione Sconosciuta (UNK)
Lingua: ITA
Condizioni: Ottime Condizioni

📸 Riceverai esattamente ciò che vedi in foto. Le foto sono parte integrante della descrizione.
📦 La carta verrà spedita protetta con sleeve e/o supporto rigido per garantirne la massima sicurezza durante il trasporto.
🚚 Spedizione generalmente effettuata entro 24h lavorative.
🛒 Consulta il mio armadio per altre carte Pokémon e annunci simili.
💥 Acquistando più articoli puoi creare un set e ottenere sconti dedicati.

#PokemonTCG #Pokemon #Flino #PokemonIta #CartaPokemon #CartePokemon",191646,Pokémon,15,,,,4875,,2,1,,,,,1.00,EUR,https://raw.githubusercontent.com/pandabayo/tcg-foto/main/_stage_git/Pokemon_Flino_048_080_UNK_ITA_107-FRONTE.jpg,https://raw.githubusercontent.com/pandabayo/tcg-foto/main/_stage_git/Pokemon_Flino_048_080_UNK_ITA_107-RETRO.jpg,,,,,,,,,,,,,,,,,,,Pokemon_Flino_048_080_UNK_ITA_107,,,,,,,,
,Elrikno 050/080 Pokémon TCG ITA,"🎴 Vendo carta Pokémon TCG Elrikno 050/080 in ita originale.
✨ Carta Pokémon singola dell'espansione Espansione Sconosciuta (UNK), ideale per collezionisti e giocatori Pokémon TCG.

📋 Dettagli:
Nome: Elrikno
Numero: 050/080
Espansione: Espansione Sconosciuta (UNK)
Lingua: ITA
Condizioni: Ottime Condizioni

📸 Riceverai esattamente ciò che vedi in foto. Le foto sono parte integrante della descrizione.
📦 La carta verrà spedita protetta con sleeve e/o supporto rigido per garantirne la massima sicurezza durante il trasporto.
🚚 Spedizione generalmente effettuata entro 24h lavorative.
🛒 Consulta il mio armadio per altre carte Pokémon e annunci simili.
💥 Acquistando più articoli puoi creare un set e ottenere sconti dedicati.

#PokemonTCG #Pokemon #Elrikno #PokemonIta #CartaPokemon #CartePokemon",191646,Pokémon,15,,,,4875,,2,1,,,,,1.00,EUR,https://raw.githubusercontent.com/pandabayo/tcg-foto/main/_stage_git/Pokemon_Elrikno_050_080_UNK_ITA_108-FRONTE.jpg,https://raw.githubusercontent.com/pandabayo/tcg-foto/main/_stage_git/Pokemon_Elrikno_050_080_UNK_ITA_108-RETRO.jpg,,,,,,,,,,,,,,,,,,,Pokemon_Elrikno_050_080_UNK_ITA_108,,,,,,,,
,Xzdj 053/080 Pokémon TCG ITA,"🎴 Vendo carta Pokémon TCG Xzdj 053/080 in ita originale.
✨ Carta Pokémon singola dell'espansione Espansione Sconosciuta (UNK), ideale per collezionisti e giocatori Pokémon TCG.

📋 Dettagli:
Nome: Xzdj
Numero: 053/080
Espansione: Espansione Sconosciuta (UNK)
Lingua: ITA
Condizioni: Ottime Condizioni

📸 Riceverai esattamente ciò che vedi in foto. Le foto sono parte integrante della descrizione.
📦 La carta verrà spedita protetta con sleeve e/o supporto rigido per garantirne la massima sicurezza durante il trasporto.
🚚 Spedizione generalmente effettuata entro 24h lavorative.
🛒 Consulta il mio armadio per altre carte Pokémon e annunci simili.
💥 Acquistando più articoli puoi creare un set e ottenere sconti dedicati.

#PokemonTCG #Pokemon #Xzdj #PokemonIta #CartaPokemon #CartePokemon",191646,Pokémon,15,,,,4875,,2,1,,,,,1.00,EUR,https://raw.githubusercontent.com/pandabayo/tcg-foto/main/_stage_git/Pokemon_Xzdj_053_080_UNK_ITA_109-FRONTE.jpg,https://raw.githubusercontent.com/pandabayo/tcg-foto/main/_stage_git/Pokemon_Xzdj_053_080_UNK_ITA_109-RETRO.jpg,,,,,,,,,,,,,,,,,,,Pokemon_Xzdj_053_080_UNK_ITA_109,,,,,,,,
,Emlino 001/001 Pokémon TCG ITA,"🎴 Vendo carta Pokémon TCG Emlino 001/001 in ita originale.
✨ Carta Pokémon singola dell'espansione Espansione Sconosciuta (UNK), ideale per collezionisti e giocatori Pokémon TCG.

📋 Dettagli:
Nome: Emlino
Numero: 001/001
Espansione: Espansione Sconosciuta (UNK)
Lingua: ITA
Condizioni: Ottime Condizioni

📸 Riceverai esattamente ciò che vedi in foto. Le foto sono parte integrante della descrizione.
📦 La carta verrà spedita protetta con sleeve e/o supporto rigido per garantirne la massima sicurezza durante il trasporto.
🚚 Spedizione generalmente effettuata entro 24h lavorative.
🛒 Consulta il mio armadio per altre carte Pokémon e annunci simili.
💥 Acquistando più articoli puoi creare un set e ottenere sconti dedicati.

#PokemonTCG #Pokemon #Emlino #PokemonIta #CartaPokemon #CartePokemon",191646,Pokémon,15,,,,4875,,2,1,,,,,1.00,EUR,https://raw.githubusercontent.com/pandabayo/tcg-foto/main/_stage_git/Pokemon_Emlino_001_001_UNK_ITA_110-FRONTE.jpg,https://raw.githubusercontent.com/pandabayo/tcg-foto/main/_stage_git/Pokemon_Emlino_001_001_UNK_ITA_110-RETRO.jpg,,,,,,,,,,,,,,,,,,,Pokemon_Emlino_001_001_UNK_ITA_110,,,,,,,,
,Lzt 001/001 Pokémon TCG ITA,"🎴 Vendo carta Pokémon TCG Lzt 001/001 in ita originale.
✨ Carta Pokémon singola dell'espansione Pokémon 151 (151), ideale per collezionisti e giocatori Pokémon TCG.

📋 Dettagli:
Nome: Lzt
Numero: 001/001
Espansione: Pokémon 151 (151)
Lingua: ITA
Condizioni: Ottime Condizioni

📸 Riceverai esattamente ciò che vedi in foto. Le foto sono parte integrante della descrizione.
📦 La carta verrà spedita protetta con sleeve e/o supporto rigido per garantirne la massima sicurezza durante il trasporto.
🚚 Spedizione generalmente effettuata entro 24h lavorative.
🛒 Consulta il mio armadio per altre carte Pokémon e annunci simili.
💥 Acquistando più articoli puoi creare un set e ottenere sconti dedicati.

#PokemonTCG #Pokemon #Lzt #PokemonIta #CartaPokemon #CartePokemon #151",191646,Pokémon,15,,,,4875,,2,1,,,,,1.00,EUR,https://raw.githubusercontent.com/pandabayo/tcg-foto/main/_stage_git/Pokemon_Lzt_001_001_151_ITA_111-FRONTE.jpg,https://raw.githubusercontent.com/pandabayo/tcg-foto/main/_stage_git/Pokemon_Lzt_001_001_151_ITA_111-RETRO.jpg,,,,,,,,,,,,,,,,,,,Pokemon_Lzt_001_001_151_ITA_111,,,,,,,,
,Jagtt 058/086 Pokémon TCG ITA,"🎴 Vendo carta Pokémon TCG Jagtt 058/086 in ita originale.
✨ Carta Pokémon singola dell'espansione Espansione Sconosciuta (UNK), ideale per collezionisti e giocatori Pokémon TCG.

📋 Dettagli:
Nome: Jagtt
Numero: 058/086
Espansione: Espansione Sconosciuta (UNK)
Lingua: ITA
Condizioni: Ottime Condizioni

📸 Riceverai esattamente ciò che vedi in foto. Le foto sono parte integrante della descrizione.
📦 La carta verrà spedita protetta con sleeve e/o supporto rigido per garantirne la massima sicurezza durante il trasporto.
🚚 Spedizione generalmente effettuata entro 24h lavorative.
🛒 Consulta il mio armadio per altre carte Pokémon e annunci simili.
💥 Acquistando più articoli puoi creare un set e ottenere sconti dedicati.

#PokemonTCG #Pokemon #Jagtt #PokemonIta #CartaPokemon #CartePokemon",191646,Pokémon,15,,,,4875,,2,1,,,,,1.00,EUR,https://raw.githubusercontent.com/pandabayo/tcg-foto/main/_stage_git/Pokemon_Jagtt_058_086_UNK_ITA_112-FRONTE.jpg,https://raw.githubusercontent.com/pandabayo/tcg-foto/main/_stage_git/Pokemon_Jagtt_058_086_UNK_ITA_112-RETRO.jpg,,,,,,,,,,,,,,,,,,,Pokemon_Jagtt_058_086_UNK_ITA_112,,,,,,,,
,Xjdj 060/086 Pokémon TCG ITA,"🎴 Vendo carta Pokémon TCG Xjdj 060/086 in ita originale.
✨ Carta Pokémon singola dell'espansione Espansione Sconosciuta (UNK), ideale per collezionisti e giocatori Pokémon TCG.

📋 Dettagli:
Nome: Xjdj
Numero: 060/086
Espansione: Espansione Sconosciuta (UNK)
Lingua: ITA
Condizioni: Ottime Condizioni

📸 Riceverai esattamente ciò che vedi in foto. Le foto sono parte integrante della descrizione.
📦 La carta verrà spedita protetta con sleeve e/o supporto rigido per garantirne la massima sicurezza durante il trasporto.
🚚 Spedizione generalmente effettuata entro 24h lavorative.
🛒 Consulta il mio armadio per altre carte Pokémon e annunci simili.
💥 Acquistando più articoli puoi creare un set e ottenere sconti dedicati.

#PokemonTCG #Pokemon #Xjdj #PokemonIta #CartaPokemon #CartePokemon",191646,Pokémon,15,,,,4875,,2,1,,,,,1.00,EUR,https://raw.githubusercontent.com/pandabayo/tcg-foto/main/_stage_git/Pokemon_Xjdj_060_086_UNK_ITA_113-FRONTE.jpg,https://raw.githubusercontent.com/pandabayo/tcg-foto/main/_stage_git/Pokemon_Xjdj_060_086_UNK_ITA_113-RETRO.jpg,,,,,,,,,,,,,,,,,,,Pokemon_Xjdj_060_086_UNK_ITA_113,,,,,,,,
,Ivx 056/080 Pokémon TCG ITA,"🎴 Vendo carta Pokémon TCG Ivx 056/080 in ita originale.
✨ Carta Pokémon singola dell'espansione Espansione Sconosciuta (UNK), ideale per collezionisti e giocatori Pokémon TCG.

📋 Dettagli:
Nome: Ivx
Numero: 056/080
Espansione: Espansione Sconosciuta (UNK)
Lingua: ITA
Condizioni: Ottime Condizioni

📸 Riceverai esattamente ciò che vedi in foto. Le foto sono parte integrante della descrizione.
📦 La carta verrà spedita protetta con sleeve e/o supporto rigido per garantirne la massima sicurezza durante il trasporto.
🚚 Spedizione generalmente effettuata entro 24h lavorative.
🛒 Consulta il mio armadio per altre carte Pokémon e annunci simili.
💥 Acquistando più articoli puoi creare un set e ottenere sconti dedicati.

#PokemonTCG #Pokemon #Ivx #PokemonIta #CartaPokemon #CartePokemon",191646,Pokémon,15,,,,4875,,2,1,,,,,1.00,EUR,https://raw.githubusercontent.com/pandabayo/tcg-foto/main/_stage_git/Pokemon_Ivx_056_080_UNK_ITA_114-FRONTE.jpg,https://raw.githubusercontent.com/pandabayo/tcg-foto/main/_stage_git/Pokemon_Ivx_056_080_UNK_ITA_114-RETRO.jpg,,,,,,,,,,,,,,,,,,,Pokemon_Ivx_056_080_UNK_ITA_114,,,,,,,,
,Egqino 057/086 Pokémon TCG ITA,"🎴 Vendo carta Pokémon TCG Egqino 057/086 in ita originale.
✨ Carta Pokémon singola dell'espansione Espansione Sconosciuta (UNK), ideale per collezionisti e giocatori Pokémon TCG.

📋 Dettagli:
Nome: Egqino
Numero: 057/086
Espansione: Espansione Sconosciuta (UNK)
Lingua: ITA
Condizioni: Ottime Condizioni

📸 Riceverai esattamente ciò che vedi in foto. Le foto sono parte integrante della descrizione.
📦 La carta verrà spedita protetta con sleeve e/o supporto rigido per garantirne la massima sicurezza durante il trasporto.
🚚 Spedizione generalmente effettuata entro 24h lavorative.
🛒 Consulta il mio armadio per altre carte Pokémon e annunci simili.
💥 Acquistando più articoli puoi creare un set e ottenere sconti dedicati.

#PokemonTCG #Pokemon #Egqino #PokemonIta #CartaPokemon #CartePokemon",191646,Pokémon,15,,,,4875,,2,1,,,,,1.00,EUR,https://raw.githubusercontent.com/pandabayo/tcg-foto/main/_stage_git/Pokemon_Egqino_057_086_UNK_ITA_115-FRONTE.jpg,https://raw.githubusercontent.com/pandabayo/tcg-foto/main/_stage_git/Pokemon_Egqino_057_086_UNK_ITA_115-RETRO.jpg,,,,,,,,,,,,,,,,,,,Pokemon_Egqino_057_086_UNK_ITA_115,,,,,,,,
,Elano 057/086 Pokémon TCG ITA,"🎴 Vendo carta Pokémon TCG Elano 057/086 in ita originale.
✨ Carta Pokémon singola dell'espansione Espansione Sconosciuta (UNK), ideale per collezionisti e giocatori Pokémon TCG.

📋 Dettagli:
Nome: Elano
Numero: 057/086
Espansione: Espansione Sconosciuta (UNK)
Lingua: ITA
Condizioni: Ottime Condizioni

📸 Riceverai esattamente ciò che vedi in foto. Le foto sono parte integrante della descrizione.
📦 La carta verrà spedita protetta con sleeve e/o supporto rigido per garantirne la massima sicurezza durante il trasporto.
🚚 Spedizione generalmente effettuata entro 24h lavorative.
🛒 Consulta il mio armadio per altre carte Pokémon e annunci simili.
💥 Acquistando più articoli puoi creare un set e ottenere sconti dedicati.

#PokemonTCG #Pokemon #Elano #PokemonIta #CartaPokemon #CartePokemon",191646,Pokémon,15,,,,4875,,2,1,,,,,1.00,EUR,https://raw.githubusercontent.com/pandabayo/tcg-foto/main/_stage_git/Pokemon_Elano_057_086_UNK_ITA_116-FRONTE.jpg,https://raw.githubusercontent.com/pandabayo/tcg-foto/main/_stage_git/Pokemon_Elano_057_086_UNK_ITA_116-RETRO.jpg,,,,,,,,,,,,,,,,,,,Pokemon_Elano_057_086_UNK_ITA_116,,,,,,,,
,Jcvzt 063/086 Pokémon TCG ITA,"🎴 Vendo carta Pokémon TCG Jcvzt 063/086 in ita originale.
✨ Carta Pokémon singola dell'espansione Espansione Sconosciuta (UNK), ideale per collezionisti e giocatori Pokémon TCG.

📋 Dettagli:
Nome: Jcvzt
Numero: 063/086
Espansione: Espansione Sconosciuta (UNK)
Lingua: ITA
Condizioni: Ottime Condizioni

📸 Riceverai esattamente ciò che vedi in foto. Le foto sono parte integrante della descrizione.
📦 La carta verrà spedita protetta con sleeve e/o supporto rigido per garantirne la massima sicurezza durante il trasporto.
🚚 Spedizione generalmente effettuata entro 24h lavorative.
🛒 Consulta il mio armadio per altre carte Pokémon e annunci simili.
💥 Acquistando più articoli puoi creare un set e ottenere sconti dedicati.

#PokemonTCG #Pokemon #Jcvzt #PokemonIta #CartaPokemon #CartePokemon",191646,Pokémon,15,,,,4875,,2,1,,,,,1.00,EUR,https://raw.githubusercontent.com/pandabayo/tcg-foto/main/_stage_git/Pokemon_Jcvzt_063_086_UNK_ITA_117-FRONTE.jpg,https://raw.githubusercontent.com/pandabayo/tcg-foto/main/_stage_git/Pokemon_Jcvzt_063_086_UNK_ITA_117-RETRO.jpg,,,,,,,,,,,,,,,,,,,Pokemon_Jcvzt_063_086_UNK_ITA_117,,,,,,,,
,Nut 058/086 Pokémon TCG ITA,"🎴 Vendo carta Pokémon TCG Nut 058/086 in ita originale.
✨ Carta Pokémon singola dell'espansione Espansione Sconosciuta (UNK), ideale per collezionisti e giocatori Pokémon TCG.

📋 Dettagli:
Nome: Nut
Numero: 058/086
Espansione: Espansione Sconosciuta (UNK)
Lingua: ITA
Condizioni: Ottime Condizioni

📸 Riceverai esattamente ciò che vedi in foto. Le foto sono parte integrante della descrizione.
📦 La carta verrà spedita protetta con sleeve e/o supporto rigido per garantirne la massima sicurezza durante il trasporto.
🚚 Spedizione generalmente effettuata entro 24h lavorative.
🛒 Consulta il mio armadio per altre carte Pokémon e annunci simili.
💥 Acquistando più articoli puoi creare un set e ottenere sconti dedicati.

#PokemonTCG #Pokemon #Nut #PokemonIta #CartaPokemon #CartePokemon",191646,Pokémon,15,,,,4875,,2,1,,,,,1.00,EUR,https://raw.githubusercontent.com/pandabayo/tcg-foto/main/_stage_git/Pokemon_Nut_058_086_UNK_ITA_118-FRONTE.jpg,https://raw.githubusercontent.com/pandabayo/tcg-foto/main/_stage_git/Pokemon_Nut_058_086_UNK_ITA_118-RETRO.jpg,,,,,,,,,,,,,,,,,,,Pokemon_Nut_058_086_UNK_ITA_118,,,,,,,,
,Stb 058/086 Pokémon TCG ITA,"🎴 Vendo carta Pokémon TCG Stb 058/086 in ita originale.
✨ Carta Pokémon singola dell'espansione Espansione Sconosciuta (UNK), ideale per collezionisti e giocatori Pokémon TCG.

📋 Dettagli:
Nome: Stb
Numero: 058/086
Espansione: Espansione Sconosciuta (UNK)
Lingua: ITA
Condizioni: Ottime Condizioni

📸 Riceverai esattamente ciò che vedi in foto. Le foto sono parte integrante della descrizione.
📦 La carta verrà spedita protetta con sleeve e/o supporto rigido per garantirne la massima sicurezza durante il trasporto.
🚚 Spedizione generalmente effettuata entro 24h lavorative.
🛒 Consulta il mio armadio per altre carte Pokémon e annunci simili.
💥 Acquistando più articoli puoi creare un set e ottenere sconti dedicati.

#PokemonTCG #Pokemon #Stb #PokemonIta #CartaPokemon #CartePokemon",191646,Pokémon,15,,,,4875,,2,1,,,,,1.00,EUR,https://raw.githubusercontent.com/pandabayo/tcg-foto/main/_stage_git/Pokemon_Stb_058_086_UNK_ITA_119-FRONTE.jpg,https://raw.githubusercontent.com/pandabayo/tcg-foto/main/_stage_git/Pokemon_Stb_058_086_UNK_ITA_119-RETRO.jpg,,,,,,,,,,,,,,,,,,,Pokemon_Stb_058_086_UNK_ITA_119,,,,,,,,
,Jcvit 063/086 Pokémon TCG ITA,"🎴 Vendo carta Pokémon TCG Jcvit 063/086 in ita originale.
✨ Carta Pokémon singola dell'espansione Espansione Sconosciuta (UNK), ideale per collezionisti e giocatori Pokémon TCG.

📋 Dettagli:
Nome: Jcvit
Numero: 063/086
Espansione: Espansione Sconosciuta (UNK)
Lingua: ITA
Condizioni: Ottime Condizioni

📸 Riceverai esattamente ciò che vedi in foto. Le foto sono parte integrante della descrizione.
📦 La carta verrà spedita protetta con sleeve e/o supporto rigido per garantirne la massima sicurezza durante il trasporto.
🚚 Spedizione generalmente effettuata entro 24h lavorative.
🛒 Consulta il mio armadio per altre carte Pokémon e annunci simili.
💥 Acquistando più articoli puoi creare un set e ottenere sconti dedicati.

#PokemonTCG #Pokemon #Jcvit #PokemonIta #CartaPokemon #CartePokemon",191646,Pokémon,15,,,,4875,,2,1,,,,,1.00,EUR,https://raw.githubusercontent.com/pandabayo/tcg-foto/main/_stage_git/Pokemon_Jcvit_063_086_UNK_ITA_120-FRONTE.jpg,https://raw.githubusercontent.com/pandabayo/tcg-foto/main/_stage_git/Pokemon_Jcvit_063_086_UNK_ITA_120-RETRO.jpg,,,,,,,,,,,,,,,,,,,Pokemon_Jcvit_063_086_UNK_ITA_120,,,,,,,,
,Qeno 048/080 Pokémon TCG ITA,"🎴 Vendo carta Pokémon TCG Qeno 048/080 in ita originale.
✨ Carta Pokémon singola dell'espansione Espansione Sconosciuta (UNK), ideale per collezionisti e giocatori Pokémon TCG.

📋 Dettagli:
Nome: Qeno
Numero: 048/080
Espansione: Espansione Sconosciuta (UNK)
Lingua: ITA
Condizioni: Ottime Condizioni

📸 Riceverai esattamente ciò che vedi in foto. Le foto sono parte integrante della descrizione.
📦 La carta verrà spedita protetta con sleeve e/o supporto rigido per garantirne la massima sicurezza durante il trasporto.
🚚 Spedizione generalmente effettuata entro 24h lavorative.
🛒 Consulta il mio armadio per altre carte Pokémon e annunci simili.
💥 Acquistando più articoli puoi creare un set e ottenere sconti dedicati.

#PokemonTCG #Pokemon #Qeno #PokemonIta #CartaPokemon #CartePokemon",191646,Pokémon,15,,,,4875,,2,1,,,,,1.00,EUR,https://raw.githubusercontent.com/pandabayo/tcg-foto/main/_stage_git/Pokemon_Qeno_048_080_UNK_ITA_121-FRONTE.jpg,https://raw.githubusercontent.com/pandabayo/tcg-foto/main/_stage_git/Pokemon_Qeno_048_080_UNK_ITA_121-RETRO.jpg,,,,,,,,,,,,,,,,,,,Pokemon_Qeno_048_080_UNK_ITA_121,,,,,,,,
,Jig 058/086 Pokémon TCG ITA,"🎴 Vendo carta Pokémon TCG Jig 058/086 in ita originale.
✨ Carta Pokémon singola dell'espansione Espansione Sconosciuta (UNK), ideale per collezionisti e giocatori Pokémon TCG.

📋 Dettagli:
Nome: Jig
Numero: 058/086
Espansione: Espansione Sconosciuta (UNK)
Lingua: ITA
Condizioni: Ottime Condizioni

📸 Riceverai esattamente ciò che vedi in foto. Le foto sono parte integrante della descrizione.
📦 La carta verrà spedita protetta con sleeve e/o supporto rigido per garantirne la massima sicurezza durante il trasporto.
🚚 Spedizione generalmente effettuata entro 24h lavorative.
🛒 Consulta il mio armadio per altre carte Pokémon e annunci simili.
💥 Acquistando più articoli puoi creare un set e ottenere sconti dedicati.

#PokemonTCG #Pokemon #Jig #PokemonIta #CartaPokemon #CartePokemon",191646,Pokémon,15,,,,4875,,2,1,,,,,1.00,EUR,https://raw.githubusercontent.com/pandabayo/tcg-foto/main/_stage_git/Pokemon_Jig_058_086_UNK_ITA_122-FRONTE.jpg,https://raw.githubusercontent.com/pandabayo/tcg-foto/main/_stage_git/Pokemon_Jig_058_086_UNK_ITA_122-RETRO.jpg,,,,,,,,,,,,,,,,,,,Pokemon_Jig_058_086_UNK_ITA_122,,,,,,,,
,Rino 057/086 Pokémon TCG ITA,"🎴 Vendo carta Pokémon TCG Rino 057/086 in ita originale.
✨ Carta Pokémon singola dell'espansione Espansione Sconosciuta (UNK), ideale per collezionisti e giocatori Pokémon TCG.

📋 Dettagli:
Nome: Rino
Numero: 057/086
Espansione: Espansione Sconosciuta (UNK)
Lingua: ITA
Condizioni: Ottime Condizioni

📸 Riceverai esattamente ciò che vedi in foto. Le foto sono parte integrante della descrizione.
📦 La carta verrà spedita protetta con sleeve e/o supporto rigido per garantirne la massima sicurezza durante il trasporto.
🚚 Spedizione generalmente effettuata entro 24h lavorative.
🛒 Consulta il mio armadio per altre carte Pokémon e annunci simili.
💥 Acquistando più articoli puoi creare un set e ottenere sconti dedicati.

#PokemonTCG #Pokemon #Rino #PokemonIta #CartaPokemon #CartePokemon",191646,Pokémon,15,,,,4875,,2,1,,,,,1.00,EUR,https://raw.githubusercontent.com/pandabayo/tcg-foto/main/_stage_git/Pokemon_Rino_057_086_UNK_ITA_123-FRONTE.jpg,https://raw.githubusercontent.com/pandabayo/tcg-foto/main/_stage_git/Pokemon_Rino_057_086_UNK_ITA_123-RETRO.jpg,,,,,,,,,,,,,,,,,,,Pokemon_Rino_057_086_UNK_ITA_123,,,,,,,,
,Eeasno 060/086 Pokémon TCG ITA,"🎴 Vendo carta Pokémon TCG Eeasno 060/086 in ita originale.
✨ Carta Pokémon singola dell'espansione Espansione Sconosciuta (UNK), ideale per collezionisti e giocatori Pokémon TCG.

📋 Dettagli:
Nome: Eeasno
Numero: 060/086
Espansione: Espansione Sconosciuta (UNK)
Lingua: ITA
Condizioni: Ottime Condizioni

📸 Riceverai esattamente ciò che vedi in foto. Le foto sono parte integrante della descrizione.
📦 La carta verrà spedita protetta con sleeve e/o supporto rigido per garantirne la massima sicurezza durante il trasporto.
🚚 Spedizione generalmente effettuata entro 24h lavorative.
🛒 Consulta il mio armadio per altre carte Pokémon e annunci simili.
💥 Acquistando più articoli puoi creare un set e ottenere sconti dedicati.

#PokemonTCG #Pokemon #Eeasno #PokemonIta #CartaPokemon #CartePokemon",191646,Pokémon,15,,,,4875,,2,1,,,,,1.00,EUR,https://raw.githubusercontent.com/pandabayo/tcg-foto/main/_stage_git/Pokemon_Eeasno_060_086_UNK_ITA_124-FRONTE.jpg,https://raw.githubusercontent.com/pandabayo/tcg-foto/main/_stage_git/Pokemon_Eeasno_060_086_UNK_ITA_124-RETRO.jpg,,,,,,,,,,,,,,,,,,,Pokemon_Eeasno_060_086_UNK_ITA_124,,,,,,,,
,Jandt 061/086 Pokémon TCG ITA,"🎴 Vendo carta Pokémon TCG Jandt 061/086 in ita originale.
✨ Carta Pokémon singola dell'espansione Espansione Sconosciuta (UNK), ideale per collezionisti e giocatori Pokémon TCG.

📋 Dettagli:
Nome: Jandt
Numero: 061/086
Espansione: Espansione Sconosciuta (UNK)
Lingua: ITA
Condizioni: Ottime Condizioni

📸 Riceverai esattamente ciò che vedi in foto. Le foto sono parte integrante della descrizione.
📦 La carta verrà spedita protetta con sleeve e/o supporto rigido per garantirne la massima sicurezza durante il trasporto.
🚚 Spedizione generalmente effettuata entro 24h lavorative.
🛒 Consulta il mio armadio per altre carte Pokémon e annunci simili.
💥 Acquistando più articoli puoi creare un set e ottenere sconti dedicati.

#PokemonTCG #Pokemon #Jandt #PokemonIta #CartaPokemon #CartePokemon",191646,Pokémon,15,,,,4875,,2,1,,,,,1.00,EUR,https://raw.githubusercontent.com/pandabayo/tcg-foto/main/_stage_git/Pokemon_Jandt_061_086_UNK_ITA_125-FRONTE.jpg,https://raw.githubusercontent.com/pandabayo/tcg-foto/main/_stage_git/Pokemon_Jandt_061_086_UNK_ITA_125-RETRO.jpg,,,,,,,,,,,,,,,,,,,Pokemon_Jandt_061_086_UNK_ITA_125,,,,,,,,
,Att 071/108 Pokémon TCG ITA,"🎴 Vendo carta Pokémon TCG Att 071/108 in ita originale.
✨ Carta Pokémon singola dell'espansione Espansione Sconosciuta (UNK), ideale per collezionisti e giocatori Pokémon TCG.

📋 Dettagli:
Nome: Att
Numero: 071/108
Espansione: Espansione Sconosciuta (UNK)
Lingua: ITA
Condizioni: Ottime Condizioni

📸 Riceverai esattamente ciò che vedi in foto. Le foto sono parte integrante della descrizione.
📦 La carta verrà spedita protetta con sleeve e/o supporto rigido per garantirne la massima sicurezza durante il trasporto.
🚚 Spedizione generalmente effettuata entro 24h lavorative.
🛒 Consulta il mio armadio per altre carte Pokémon e annunci simili.
💥 Acquistando più articoli puoi creare un set e ottenere sconti dedicati.

#PokemonTCG #Pokemon #Att #PokemonIta #CartaPokemon #CartePokemon",191646,Pokémon,15,,,,4875,,2,1,,,,,1.00,EUR,https://raw.githubusercontent.com/pandabayo/tcg-foto/main/_stage_git/Pokemon_Att_071_108_UNK_ITA_126-FRONTE.jpg,https://raw.githubusercontent.com/pandabayo/tcg-foto/main/_stage_git/Pokemon_Att_071_108_UNK_ITA_126-RETRO.jpg,,,,,,,,,,,,,,,,,,,Pokemon_Att_071_108_UNK_ITA_126,,,,,,,,
,Ztt 059/086 Pokémon TCG ITA,"🎴 Vendo carta Pokémon TCG Ztt 059/086 in ita originale.
✨ Carta Pokémon singola dell'espansione Espansione Sconosciuta (UNK), ideale per collezionisti e giocatori Pokémon TCG.

📋 Dettagli:
Nome: Ztt
Numero: 059/086
Espansione: Espansione Sconosciuta (UNK)
Lingua: ITA
Condizioni: Ottime Condizioni

📸 Riceverai esattamente ciò che vedi in foto. Le foto sono parte integrante della descrizione.
📦 La carta verrà spedita protetta con sleeve e/o supporto rigido per garantirne la massima sicurezza durante il trasporto.
🚚 Spedizione generalmente effettuata entro 24h lavorative.
🛒 Consulta il mio armadio per altre carte Pokémon e annunci simili.
💥 Acquistando più articoli puoi creare un set e ottenere sconti dedicati.

#PokemonTCG #Pokemon #Ztt #PokemonIta #CartaPokemon #CartePokemon",191646,Pokémon,15,,,,4875,,2,1,,,,,1.00,EUR,https://raw.githubusercontent.com/pandabayo/tcg-foto/main/_stage_git/Pokemon_Ztt_059_086_UNK_ITA_127-FRONTE.jpg,https://raw.githubusercontent.com/pandabayo/tcg-foto/main/_stage_git/Pokemon_Ztt_059_086_UNK_ITA_127-RETRO.jpg,,,,,,,,,,,,,,,,,,,Pokemon_Ztt_059_086_UNK_ITA_127,,,,,,,,
,Jige 064/086 Pokémon TCG ITA,"🎴 Vendo carta Pokémon TCG Jige 064/086 in ita originale.
✨ Carta Pokémon singola dell'espansione Espansione Sconosciuta (UNK), ideale per collezionisti e giocatori Pokémon TCG.

📋 Dettagli:
Nome: Jige
Numero: 064/086
Espansione: Espansione Sconosciuta (UNK)
Lingua: ITA
Condizioni: Ottime Condizioni

📸 Riceverai esattamente ciò che vedi in foto. Le foto sono parte integrante della descrizione.
📦 La carta verrà spedita protetta con sleeve e/o supporto rigido per garantirne la massima sicurezza durante il trasporto.
🚚 Spedizione generalmente effettuata entro 24h lavorative.
🛒 Consulta il mio armadio per altre carte Pokémon e annunci simili.
💥 Acquistando più articoli puoi creare un set e ottenere sconti dedicati.

#PokemonTCG #Pokemon #Jige #PokemonIta #CartaPokemon #CartePokemon",191646,Pokémon,15,,,,4875,,2,1,,,,,1.00,EUR,https://raw.githubusercontent.com/pandabayo/tcg-foto/main/_stage_git/Pokemon_Jige_064_086_UNK_ITA_128-FRONTE.jpg,https://raw.githubusercontent.com/pandabayo/tcg-foto/main/_stage_git/Pokemon_Jige_064_086_UNK_ITA_128-RETRO.jpg,,,,,,,,,,,,,,,,,,,Pokemon_Jige_064_086_UNK_ITA_128,,,,,,,,
,Zaub 062/086 Pokémon TCG ITA,"🎴 Vendo carta Pokémon TCG Zaub 062/086 in ita originale.
✨ Carta Pokémon singola dell'espansione Espansione Sconosciuta (UNK), ideale per collezionisti e giocatori Pokémon TCG.

📋 Dettagli:
Nome: Zaub
Numero: 062/086
Espansione: Espansione Sconosciuta (UNK)
Lingua: ITA
Condizioni: Ottime Condizioni

📸 Riceverai esattamente ciò che vedi in foto. Le foto sono parte integrante della descrizione.
📦 La carta verrà spedita protetta con sleeve e/o supporto rigido per garantirne la massima sicurezza durante il trasporto.
🚚 Spedizione generalmente effettuata entro 24h lavorative.
🛒 Consulta il mio armadio per altre carte Pokémon e annunci simili.
💥 Acquistando più articoli puoi creare un set e ottenere sconti dedicati.

#PokemonTCG #Pokemon #Zaub #PokemonIta #CartaPokemon #CartePokemon",191646,Pokémon,15,,,,4875,,2,1,,,,,1.00,EUR,https://raw.githubusercontent.com/pandabayo/tcg-foto/main/_stage_git/Pokemon_Zaub_062_086_UNK_ITA_129-FRONTE.jpg,https://raw.githubusercontent.com/pandabayo/tcg-foto/main/_stage_git/Pokemon_Zaub_062_086_UNK_ITA_129-RETRO.jpg,,,,,,,,,,,,,,,,,,,Pokemon_Zaub_062_086_UNK_ITA_129,,,,,,,,
,Lus 064/086 Pokémon TCG ITA,"🎴 Vendo carta Pokémon TCG Lus 064/086 in ita originale.
✨ Carta Pokémon singola dell'espansione Espansione Sconosciuta (UNK), ideale per collezionisti e giocatori Pokémon TCG.

📋 Dettagli:
Nome: Lus
Numero: 064/086
Espansione: Espansione Sconosciuta (UNK)
Lingua: ITA
Condizioni: Ottime Condizioni

📸 Riceverai esattamente ciò che vedi in foto. Le foto sono parte integrante della descrizione.
📦 La carta verrà spedita protetta con sleeve e/o supporto rigido per garantirne la massima sicurezza durante il trasporto.
🚚 Spedizione generalmente effettuata entro 24h lavorative.
🛒 Consulta il mio armadio per altre carte Pokémon e annunci simili.
💥 Acquistando più articoli puoi creare un set e ottenere sconti dedicati.

#PokemonTCG #Pokemon #Lus #PokemonIta #CartaPokemon #CartePokemon",191646,Pokémon,15,,,,4875,,2,1,,,,,1.00,EUR,https://raw.githubusercontent.com/pandabayo/tcg-foto/main/_stage_git/Pokemon_Lus_064_086_UNK_ITA_130-FRONTE.jpg,https://raw.githubusercontent.com/pandabayo/tcg-foto/main/_stage_git/Pokemon_Lus_064_086_UNK_ITA_130-RETRO.jpg,,,,,,,,,,,,,,,,,,,Pokemon_Lus_064_086_UNK_ITA_130,,,,,,,,
,Lazdt 053/086 Pokémon TCG ITA,"🎴 Vendo carta Pokémon TCG Lazdt 053/086 in ita originale.
✨ Carta Pokémon singola dell'espansione Espansione Sconosciuta (UNK), ideale per collezionisti e giocatori Pokémon TCG.

📋 Dettagli:
Nome: Lazdt
Numero: 053/086
Espansione: Espansione Sconosciuta (UNK)
Lingua: ITA
Condizioni: Ottime Condizioni

📸 Riceverai esattamente ciò che vedi in foto. Le foto sono parte integrante della descrizione.
📦 La carta verrà spedita protetta con sleeve e/o supporto rigido per garantirne la massima sicurezza durante il trasporto.
🚚 Spedizione generalmente effettuata entro 24h lavorative.
🛒 Consulta il mio armadio per altre carte Pokémon e annunci simili.
💥 Acquistando più articoli puoi creare un set e ottenere sconti dedicati.

#PokemonTCG #Pokemon #Lazdt #PokemonIta #CartaPokemon #CartePokemon",191646,Pokémon,15,,,,4875,,2,1,,,,,1.00,EUR,https://raw.githubusercontent.com/pandabayo/tcg-foto/main/_stage_git/Pokemon_Lazdt_053_086_UNK_ITA_131-FRONTE.jpg,https://raw.githubusercontent.com/pandabayo/tcg-foto/main/_stage_git/Pokemon_Lazdt_053_086_UNK_ITA_131-RETRO.jpg,,,,,,,,,,,,,,,,,,,Pokemon_Lazdt_053_086_UNK_ITA_131,,,,,,,,
,Lis 064/086 Pokémon TCG ITA,"🎴 Vendo carta Pokémon TCG Lis 064/086 in ita originale.
✨ Carta Pokémon singola dell'espansione Espansione Sconosciuta (UNK), ideale per collezionisti e giocatori Pokémon TCG.

📋 Dettagli:
Nome: Lis
Numero: 064/086
Espansione: Espansione Sconosciuta (UNK)
Lingua: ITA
Condizioni: Ottime Condizioni

📸 Riceverai esattamente ciò che vedi in foto. Le foto sono parte integrante della descrizione.
📦 La carta verrà spedita protetta con sleeve e/o supporto rigido per garantirne la massima sicurezza durante il trasporto.
🚚 Spedizione generalmente effettuata entro 24h lavorative.
🛒 Consulta il mio armadio per altre carte Pokémon e annunci simili.
💥 Acquistando più articoli puoi creare un set e ottenere sconti dedicati.

#PokemonTCG #Pokemon #Lis #PokemonIta #CartaPokemon #CartePokemon",191646,Pokémon,15,,,,4875,,2,1,,,,,1.00,EUR,https://raw.githubusercontent.com/pandabayo/tcg-foto/main/_stage_git/Pokemon_Lis_064_086_UNK_ITA_132-FRONTE.jpg,https://raw.githubusercontent.com/pandabayo/tcg-foto/main/_stage_git/Pokemon_Lis_064_086_UNK_ITA_132-RETRO.jpg,,,,,,,,,,,,,,,,,,,Pokemon_Lis_064_086_UNK_ITA_132,,,,,,,,
,Zagat 055/080 Pokémon TCG ITA,"🎴 Vendo carta Pokémon TCG Zagat 055/080 in ita originale.
✨ Carta Pokémon singola dell'espansione Espansione Sconosciuta (UNK), ideale per collezionisti e giocatori Pokémon TCG.

📋 Dettagli:
Nome: Zagat
Numero: 055/080
Espansione: Espansione Sconosciuta (UNK)
Lingua: ITA
Condizioni: Ottime Condizioni

📸 Riceverai esattamente ciò che vedi in foto. Le foto sono parte integrante della descrizione.
📦 La carta verrà spedita protetta con sleeve e/o supporto rigido per garantirne la massima sicurezza durante il trasporto.
🚚 Spedizione generalmente effettuata entro 24h lavorative.
🛒 Consulta il mio armadio per altre carte Pokémon e annunci simili.
💥 Acquistando più articoli puoi creare un set e ottenere sconti dedicati.

#PokemonTCG #Pokemon #Zagat #PokemonIta #CartaPokemon #CartePokemon",191646,Pokémon,15,,,,4875,,2,1,,,,,1.00,EUR,https://raw.githubusercontent.com/pandabayo/tcg-foto/main/_stage_git/Pokemon_Zagat_055_080_UNK_ITA_133-FRONTE.jpg,https://raw.githubusercontent.com/pandabayo/tcg-foto/main/_stage_git/Pokemon_Zagat_055_080_UNK_ITA_133-RETRO.jpg,,,,,,,,,,,,,,,,,,,Pokemon_Zagat_055_080_UNK_ITA_133,,,,,,,,
,Listt 049/080 Pokémon TCG ITA,"🎴 Vendo carta Pokémon TCG Listt 049/080 in ita originale.
✨ Carta Pokémon singola dell'espansione Espansione Sconosciuta (UNK), ideale per collezionisti e giocatori Pokémon TCG.

📋 Dettagli:
Nome: Listt
Numero: 049/080
Espansione: Espansione Sconosciuta (UNK)
Lingua: ITA
Condizioni: Ottime Condizioni

📸 Riceverai esattamente ciò che vedi in foto. Le foto sono parte integrante della descrizione.
📦 La carta verrà spedita protetta con sleeve e/o supporto rigido per garantirne la massima sicurezza durante il trasporto.
🚚 Spedizione generalmente effettuata entro 24h lavorative.
🛒 Consulta il mio armadio per altre carte Pokémon e annunci simili.
💥 Acquistando più articoli puoi creare un set e ottenere sconti dedicati.

#PokemonTCG #Pokemon #Listt #PokemonIta #CartaPokemon #CartePokemon",191646,Pokémon,15,,,,4875,,2,1,,,,,1.00,EUR,https://raw.githubusercontent.com/pandabayo/tcg-foto/main/_stage_git/Pokemon_Listt_049_080_UNK_ITA_134-FRONTE.jpg,https://raw.githubusercontent.com/pandabayo/tcg-foto/main/_stage_git/Pokemon_Listt_049_080_UNK_ITA_134-RETRO.jpg,,,,,,,,,,,,,,,,,,,Pokemon_Listt_049_080_UNK_ITA_134,,,,,,,,
,Elleno 052/080 Pokémon TCG ITA,"🎴 Vendo carta Pokémon TCG Elleno 052/080 in ita originale.
✨ Carta Pokémon singola dell'espansione Espansione Sconosciuta (UNK), ideale per collezionisti e giocatori Pokémon TCG.

📋 Dettagli:
Nome: Elleno
Numero: 052/080
Espansione: Espansione Sconosciuta (UNK)
Lingua: ITA
Condizioni: Ottime Condizioni

📸 Riceverai esattamente ciò che vedi in foto. Le foto sono parte integrante della descrizione.
📦 La carta verrà spedita protetta con sleeve e/o supporto rigido per garantirne la massima sicurezza durante il trasporto.
🚚 Spedizione generalmente effettuata entro 24h lavorative.
🛒 Consulta il mio armadio per altre carte Pokémon e annunci simili.
💥 Acquistando più articoli puoi creare un set e ottenere sconti dedicati.

#PokemonTCG #Pokemon #Elleno #PokemonIta #CartaPokemon #CartePokemon",191646,Pokémon,15,,,,4875,,2,1,,,,,1.00,EUR,https://raw.githubusercontent.com/pandabayo/tcg-foto/main/_stage_git/Pokemon_Elleno_052_080_UNK_ITA_135-FRONTE.jpg,https://raw.githubusercontent.com/pandabayo/tcg-foto/main/_stage_git/Pokemon_Elleno_052_080_UNK_ITA_135-RETRO.jpg,,,,,,,,,,,,,,,,,,,Pokemon_Elleno_052_080_UNK_ITA_135,,,,,,,,
,Jastt 049/080 Pokémon TCG ITA,"🎴 Vendo carta Pokémon TCG Jastt 049/080 in ita originale.
✨ Carta Pokémon singola dell'espansione Espansione Sconosciuta (UNK), ideale per collezionisti e giocatori Pokémon TCG.

📋 Dettagli:
Nome: Jastt
Numero: 049/080
Espansione: Espansione Sconosciuta (UNK)
Lingua: ITA
Condizioni: Ottime Condizioni

📸 Riceverai esattamente ciò che vedi in foto. Le foto sono parte integrante della descrizione.
📦 La carta verrà spedita protetta con sleeve e/o supporto rigido per garantirne la massima sicurezza durante il trasporto.
🚚 Spedizione generalmente effettuata entro 24h lavorative.
🛒 Consulta il mio armadio per altre carte Pokémon e annunci simili.
💥 Acquistando più articoli puoi creare un set e ottenere sconti dedicati.

#PokemonTCG #Pokemon #Jastt #PokemonIta #CartaPokemon #CartePokemon",191646,Pokémon,15,,,,4875,,2,1,,,,,1.00,EUR,https://raw.githubusercontent.com/pandabayo/tcg-foto/main/_stage_git/Pokemon_Jastt_049_080_UNK_ITA_136-FRONTE.jpg,https://raw.githubusercontent.com/pandabayo/tcg-foto/main/_stage_git/Pokemon_Jastt_049_080_UNK_ITA_136-RETRO.jpg,,,,,,,,,,,,,,,,,,,Pokemon_Jastt_049_080_UNK_ITA_136,,,,,,,,
,Dwkdo 104/193 Pokémon TCG ITA,"🎴 Vendo carta Pokémon TCG Dwkdo 104/193 in ita originale.
✨ Carta Pokémon singola dell'espansione Espansione Sconosciuta (UNK), ideale per collezionisti e giocatori Pokémon TCG.

📋 Dettagli:
Nome: Dwkdo
Numero: 104/193
Espansione: Espansione Sconosciuta (UNK)
Lingua: ITA
Condizioni: Ottime Condizioni

📸 Riceverai esattamente ciò che vedi in foto. Le foto sono parte integrante della descrizione.
📦 La carta verrà spedita protetta con sleeve e/o supporto rigido per garantirne la massima sicurezza durante il trasporto.
🚚 Spedizione generalmente effettuata entro 24h lavorative.
🛒 Consulta il mio armadio per altre carte Pokémon e annunci simili.
💥 Acquistando più articoli puoi creare un set e ottenere sconti dedicati.

#PokemonTCG #Pokemon #Dwkdo #PokemonIta #CartaPokemon #CartePokemon",191646,Pokémon,15,,,,4875,,2,1,,,,,1.00,EUR,https://raw.githubusercontent.com/pandabayo/tcg-foto/main/_stage_git/Pokemon_Dwkdo_104_193_UNK_ITA_137-FRONTE.jpg,https://raw.githubusercontent.com/pandabayo/tcg-foto/main/_stage_git/Pokemon_Dwkdo_104_193_UNK_ITA_137-RETRO.jpg,,,,,,,,,,,,,,,,,,,Pokemon_Dwkdo_104_193_UNK_ITA_137,,,,,,,,
,Xib 001/001 Pokémon TCG ITA,"🎴 Vendo carta Pokémon TCG Xib 001/001 in ita originale.
✨ Carta Pokémon singola dell'espansione Espansione Sconosciuta (UNK), ideale per collezionisti e giocatori Pokémon TCG.

📋 Dettagli:
Nome: Xib
Numero: 001/001
Espansione: Espansione Sconosciuta (UNK)
Lingua: ITA
Condizioni: Ottime Condizioni

📸 Riceverai esattamente ciò che vedi in foto. Le foto sono parte integrante della descrizione.
📦 La carta verrà spedita protetta con sleeve e/o supporto rigido per garantirne la massima sicurezza durante il trasporto.
🚚 Spedizione generalmente effettuata entro 24h lavorative.
🛒 Consulta il mio armadio per altre carte Pokémon e annunci simili.
💥 Acquistando più articoli puoi creare un set e ottenere sconti dedicati.

#PokemonTCG #Pokemon #Xib #PokemonIta #CartaPokemon #CartePokemon",191646,Pokémon,15,,,,4875,,2,1,,,,,1.00,EUR,https://raw.githubusercontent.com/pandabayo/tcg-foto/main/_stage_git/Pokemon_Xib_001_001_UNK_ITA_138-FRONTE.jpg,https://raw.githubusercontent.com/pandabayo/tcg-foto/main/_stage_git/Pokemon_Xib_001_001_UNK_ITA_138-RETRO.jpg,,,,,,,,,,,,,,,,,,,Pokemon_Xib_001_001_UNK_ITA_138,,,,,,,,
,Jlvjt 063/086 Pokémon TCG ITA,"🎴 Vendo carta Pokémon TCG Jlvjt 063/086 in ita originale.
✨ Carta Pokémon singola dell'espansione Espansione Sconosciuta (UNK), ideale per collezionisti e giocatori Pokémon TCG.

📋 Dettagli:
Nome: Jlvjt
Numero: 063/086
Espansione: Espansione Sconosciuta (UNK)
Lingua: ITA
Condizioni: Ottime Condizioni

📸 Riceverai esattamente ciò che vedi in foto. Le foto sono parte integrante della descrizione.
📦 La carta verrà spedita protetta con sleeve e/o supporto rigido per garantirne la massima sicurezza durante il trasporto.
🚚 Spedizione generalmente effettuata entro 24h lavorative.
🛒 Consulta il mio armadio per altre carte Pokémon e annunci simili.
💥 Acquistando più articoli puoi creare un set e ottenere sconti dedicati.

#PokemonTCG #Pokemon #Jlvjt #PokemonIta #CartaPokemon #CartePokemon",191646,Pokémon,15,,,,4875,,2,1,,,,,1.00,EUR,https://raw.githubusercontent.com/pandabayo/tcg-foto/main/_stage_git/Pokemon_Jlvjt_063_086_UNK_ITA_139-FRONTE.jpg,https://raw.githubusercontent.com/pandabayo/tcg-foto/main/_stage_git/Pokemon_Jlvjt_063_086_UNK_ITA_139-RETRO.jpg,,,,,,,,,,,,,,,,,,,Pokemon_Jlvjt_063_086_UNK_ITA_139,,,,,,,,
,Xiv 109/193 Pokémon TCG ITA,"🎴 Vendo carta Pokémon TCG Xiv 109/193 in ita originale.
✨ Carta Pokémon singola dell'espansione Espansione Sconosciuta (UNK), ideale per collezionisti e giocatori Pokémon TCG.

📋 Dettagli:
Nome: Xiv
Numero: 109/193
Espansione: Espansione Sconosciuta (UNK)
Lingua: ITA
Condizioni: Ottime Condizioni

📸 Riceverai esattamente ciò che vedi in foto. Le foto sono parte integrante della descrizione.
📦 La carta verrà spedita protetta con sleeve e/o supporto rigido per garantirne la massima sicurezza durante il trasporto.
🚚 Spedizione generalmente effettuata entro 24h lavorative.
🛒 Consulta il mio armadio per altre carte Pokémon e annunci simili.
💥 Acquistando più articoli puoi creare un set e ottenere sconti dedicati.

#PokemonTCG #Pokemon #Xiv #PokemonIta #CartaPokemon #CartePokemon",191646,Pokémon,15,,,,4875,,2,1,,,,,1.00,EUR,https://raw.githubusercontent.com/pandabayo/tcg-foto/main/_stage_git/Pokemon_Xiv_109_193_UNK_ITA_140-FRONTE.jpg,https://raw.githubusercontent.com/pandabayo/tcg-foto/main/_stage_git/Pokemon_Xiv_109_193_UNK_ITA_140-RETRO.jpg,,,,,,,,,,,,,,,,,,,Pokemon_Xiv_109_193_UNK_ITA_140,,,,,,,,
,Jvit 001/001 Pokémon TCG ITA,"🎴 Vendo carta Pokémon TCG Jvit 001/001 in ita originale.
✨ Carta Pokémon singola dell'espansione Espansione Sconosciuta (UNK), ideale per collezionisti e giocatori Pokémon TCG.

📋 Dettagli:
Nome: Jvit
Numero: 001/001
Espansione: Espansione Sconosciuta (UNK)
Lingua: ITA
Condizioni: Ottime Condizioni

📸 Riceverai esattamente ciò che vedi in foto. Le foto sono parte integrante della descrizione.
📦 La carta verrà spedita protetta con sleeve e/o supporto rigido per garantirne la massima sicurezza durante il trasporto.
🚚 Spedizione generalmente effettuata entro 24h lavorative.
🛒 Consulta il mio armadio per altre carte Pokémon e annunci simili.
💥 Acquistando più articoli puoi creare un set e ottenere sconti dedicati.

#PokemonTCG #Pokemon #Jvit #PokemonIta #CartaPokemon #CartePokemon",191646,Pokémon,15,,,,4875,,2,1,,,,,1.00,EUR,https://raw.githubusercontent.com/pandabayo/tcg-foto/main/_stage_git/Pokemon_Jvit_001_001_UNK_ITA_141-FRONTE.jpg,https://raw.githubusercontent.com/pandabayo/tcg-foto/main/_stage_git/Pokemon_Jvit_001_001_UNK_ITA_141-RETRO.jpg,,,,,,,,,,,,,,,,,,,Pokemon_Jvit_001_001_UNK_ITA_141,,,,,,,,
,Jcvzt 001/001 Pokémon TCG ITA,"🎴 Vendo carta Pokémon TCG Jcvzt 001/001 in ita originale.
✨ Carta Pokémon singola dell'espansione Espansione Sconosciuta (UNK), ideale per collezionisti e giocatori Pokémon TCG.

📋 Dettagli:
Nome: Jcvzt
Numero: 001/001
Espansione: Espansione Sconosciuta (UNK)
Lingua: ITA
Condizioni: Ottime Condizioni

📸 Riceverai esattamente ciò che vedi in foto. Le foto sono parte integrante della descrizione.
📦 La carta verrà spedita protetta con sleeve e/o supporto rigido per garantirne la massima sicurezza durante il trasporto.
🚚 Spedizione generalmente effettuata entro 24h lavorative.
🛒 Consulta il mio armadio per altre carte Pokémon e annunci simili.
💥 Acquistando più articoli puoi creare un set e ottenere sconti dedicati.

#PokemonTCG #Pokemon #Jcvzt #PokemonIta #CartaPokemon #CartePokemon",191646,Pokémon,15,,,,4875,,2,1,,,,,1.00,EUR,https://raw.githubusercontent.com/pandabayo/tcg-foto/main/_stage_git/Pokemon_Jcvzt_001_001_UNK_ITA_142-FRONTE.jpg,https://raw.githubusercontent.com/pandabayo/tcg-foto/main/_stage_git/Pokemon_Jcvzt_001_001_UNK_ITA_142-RETRO.jpg,,,,,,,,,,,,,,,,,,,Pokemon_Jcvzt_001_001_UNK_ITA_142,,,,,,,,
,Pok 081/088 Pokémon TCG ITA,"🎴 Vendo carta Pokémon TCG Pok 081/088 in ita originale.
✨ Carta Pokémon singola dell'espansione Espansione Sconosciuta (UNK), ideale per collezionisti e giocatori Pokémon TCG.

📋 Dettagli:
Nome: Pok
Numero: 081/088
Espansione: Espansione Sconosciuta (UNK)
Lingua: ITA
Condizioni: Ottime Condizioni

📸 Riceverai esattamente ciò che vedi in foto. Le foto sono parte integrante della descrizione.
📦 La carta verrà spedita protetta con sleeve e/o supporto rigido per garantirne la massima sicurezza durante il trasporto.
🚚 Spedizione generalmente effettuata entro 24h lavorative.
🛒 Consulta il mio armadio per altre carte Pokémon e annunci simili.
💥 Acquistando più articoli puoi creare un set e ottenere sconti dedicati.

#PokemonTCG #Pokemon #Pok #PokemonIta #CartaPokemon #CartePokemon",191646,Pokémon,15,,,,4875,,2,1,,,,,1.00,EUR,https://raw.githubusercontent.com/pandabayo/tcg-foto/main/_stage_git/Pokemon_Pok_081_088_UNK_ITA_143-FRONTE.jpg,https://raw.githubusercontent.com/pandabayo/tcg-foto/main/_stage_git/Pokemon_Pok_081_088_UNK_ITA_143-RETRO.jpg,,,,,,,,,,,,,,,,,,,Pokemon_Pok_081_088_UNK_ITA_143,,,,,,,,
,Viola 001/001 Pokémon TCG ITA,"🎴 Vendo carta Pokémon TCG Viola 001/001 in ita originale.
✨ Carta Pokémon singola dell'espansione Espansione Sconosciuta (UNK), ideale per collezionisti e giocatori Pokémon TCG.

📋 Dettagli:
Nome: Viola
Numero: 001/001
Espansione: Espansione Sconosciuta (UNK)
Lingua: ITA
Condizioni: Ottime Condizioni

📸 Riceverai esattamente ciò che vedi in foto. Le foto sono parte integrante della descrizione.
📦 La carta verrà spedita protetta con sleeve e/o supporto rigido per garantirne la massima sicurezza durante il trasporto.
🚚 Spedizione generalmente effettuata entro 24h lavorative.
🛒 Consulta il mio armadio per altre carte Pokémon e annunci simili.
💥 Acquistando più articoli puoi creare un set e ottenere sconti dedicati.

#PokemonTCG #Pokemon #Viola #PokemonIta #CartaPokemon #CartePokemon",191646,Pokémon,15,,,,4875,,2,1,,,,,1.00,EUR,https://raw.githubusercontent.com/pandabayo/tcg-foto/main/_stage_git/Pokemon_Viola_001_001_UNK_ITA_144-FRONTE.jpg,https://raw.githubusercontent.com/pandabayo/tcg-foto/main/_stage_git/Pokemon_Viola_001_001_UNK_ITA_144-RETRO.jpg,,,,,,,,,,,,,,,,,,,Pokemon_Viola_001_001_UNK_ITA_144,,,,,,,,
,Aluto 075/088 Pokémon TCG ITA,"🎴 Vendo carta Pokémon TCG Aluto 075/088 in ita originale.
✨ Carta Pokémon singola dell'espansione Espansione Sconosciuta (UNK), ideale per collezionisti e giocatori Pokémon TCG.

📋 Dettagli:
Nome: Aluto
Numero: 075/088
Espansione: Espansione Sconosciuta (UNK)
Lingua: ITA
Condizioni: Ottime Condizioni

📸 Riceverai esattamente ciò che vedi in foto. Le foto sono parte integrante della descrizione.
📦 La carta verrà spedita protetta con sleeve e/o supporto rigido per garantirne la massima sicurezza durante il trasporto.
🚚 Spedizione generalmente effettuata entro 24h lavorative.
🛒 Consulta il mio armadio per altre carte Pokémon e annunci simili.
💥 Acquistando più articoli puoi creare un set e ottenere sconti dedicati.

#PokemonTCG #Pokemon #Aluto #PokemonIta #CartaPokemon #CartePokemon",191646,Pokémon,15,,,,4875,,2,1,,,,,1.00,EUR,https://raw.githubusercontent.com/pandabayo/tcg-foto/main/_stage_git/Pokemon_Aluto_075_088_UNK_ITA_145-FRONTE.jpg,https://raw.githubusercontent.com/pandabayo/tcg-foto/main/_stage_git/Pokemon_Aluto_075_088_UNK_ITA_145-RETRO.jpg,,,,,,,,,,,,,,,,,,,Pokemon_Aluto_075_088_UNK_ITA_145,,,,,,,,
,Pan 001/001 Pokémon TCG ITA,"🎴 Vendo carta Pokémon TCG Pan 001/001 in ita originale.
✨ Carta Pokémon singola dell'espansione Espansione Sconosciuta (UNK), ideale per collezionisti e giocatori Pokémon TCG.

📋 Dettagli:
Nome: Pan
Numero: 001/001
Espansione: Espansione Sconosciuta (UNK)
Lingua: ITA
Condizioni: Ottime Condizioni

📸 Riceverai esattamente ciò che vedi in foto. Le foto sono parte integrante della descrizione.
📦 La carta verrà spedita protetta con sleeve e/o supporto rigido per garantirne la massima sicurezza durante il trasporto.
🚚 Spedizione generalmente effettuata entro 24h lavorative.
🛒 Consulta il mio armadio per altre carte Pokémon e annunci simili.
💥 Acquistando più articoli puoi creare un set e ottenere sconti dedicati.

#PokemonTCG #Pokemon #Pan #PokemonIta #CartaPokemon #CartePokemon",191646,Pokémon,15,,,,4875,,2,1,,,,,1.00,EUR,https://raw.githubusercontent.com/pandabayo/tcg-foto/main/_stage_git/Pokemon_Pan_001_001_UNK_ITA_146-FRONTE.jpg,https://raw.githubusercontent.com/pandabayo/tcg-foto/main/_stage_git/Pokemon_Pan_001_001_UNK_ITA_146-RETRO.jpg,,,,,,,,,,,,,,,,,,,Pokemon_Pan_001_001_UNK_ITA_146,,,,,,,,
,Base 001/001 Pokémon TCG ITA,"🎴 Vendo carta Pokémon TCG Base 001/001 in ita originale.
✨ Carta Pokémon singola dell'espansione Espansione Sconosciuta (UNK), ideale per collezionisti e giocatori Pokémon TCG.

📋 Dettagli:
Nome: Base
Numero: 001/001
Espansione: Espansione Sconosciuta (UNK)
Lingua: ITA
Condizioni: Ottime Condizioni

📸 Riceverai esattamente ciò che vedi in foto. Le foto sono parte integrante della descrizione.
📦 La carta verrà spedita protetta con sleeve e/o supporto rigido per garantirne la massima sicurezza durante il trasporto.
🚚 Spedizione generalmente effettuata entro 24h lavorative.
🛒 Consulta il mio armadio per altre carte Pokémon e annunci simili.
💥 Acquistando più articoli puoi creare un set e ottenere sconti dedicati.

#PokemonTCG #Pokemon #Base #PokemonIta #CartaPokemon #CartePokemon",191646,Pokémon,15,,,,4875,,2,1,,,,,1.00,EUR,https://raw.githubusercontent.com/pandabayo/tcg-foto/main/_stage_git/Pokemon_Base_001_001_UNK_ITA_147-FRONTE.jpg,https://raw.githubusercontent.com/pandabayo/tcg-foto/main/_stage_git/Pokemon_Base_001_001_UNK_ITA_147-RETRO.jpg,,,,,,,,,,,,,,,,,,,Pokemon_Base_001_001_UNK_ITA_147,,,,,,,,
,Fase 058/088 Pokémon TCG ITA,"🎴 Vendo carta Pokémon TCG Fase 058/088 in ita originale.
✨ Carta Pokémon singola dell'espansione Espansione Sconosciuta (UNK), ideale per collezionisti e giocatori Pokémon TCG.

📋 Dettagli:
Nome: Fase
Numero: 058/088
Espansione: Espansione Sconosciuta (UNK)
Lingua: ITA
Condizioni: Ottime Condizioni

📸 Riceverai esattamente ciò che vedi in foto. Le foto sono parte integrante della descrizione.
📦 La carta verrà spedita protetta con sleeve e/o supporto rigido per garantirne la massima sicurezza durante il trasporto.
🚚 Spedizione generalmente effettuata entro 24h lavorative.
🛒 Consulta il mio armadio per altre carte Pokémon e annunci simili.
💥 Acquistando più articoli puoi creare un set e ottenere sconti dedicati.

#PokemonTCG #Pokemon #Fase #PokemonIta #CartaPokemon #CartePokemon",191646,Pokémon,15,,,,4875,,2,1,,,,,1.00,EUR,https://raw.githubusercontent.com/pandabayo/tcg-foto/main/_stage_git/Pokemon_Fase_058_088_UNK_ITA_148-FRONTE.jpg,https://raw.githubusercontent.com/pandabayo/tcg-foto/main/_stage_git/Pokemon_Fase_058_088_UNK_ITA_148-RETRO.jpg,,,,,,,,,,,,,,,,,,,Pokemon_Fase_058_088_UNK_ITA_148,,,,,,,,
,Fase 001/001 Pokémon TCG ITA,"🎴 Vendo carta Pokémon TCG Fase 001/001 in ita originale.
✨ Carta Pokémon singola dell'espansione Espansione Sconosciuta (UNK), ideale per collezionisti e giocatori Pokémon TCG.

📋 Dettagli:
Nome: Fase
Numero: 001/001
Espansione: Espansione Sconosciuta (UNK)
Lingua: ITA
Condizioni: Ottime Condizioni

📸 Riceverai esattamente ciò che vedi in foto. Le foto sono parte integrante della descrizione.
📦 La carta verrà spedita protetta con sleeve e/o supporto rigido per garantirne la massima sicurezza durante il trasporto.
🚚 Spedizione generalmente effettuata entro 24h lavorative.
🛒 Consulta il mio armadio per altre carte Pokémon e annunci simili.
💥 Acquistando più articoli puoi creare un set e ottenere sconti dedicati.

#PokemonTCG #Pokemon #Fase #PokemonIta #CartaPokemon #CartePokemon",191646,Pokémon,15,,,,4875,,2,1,,,,,1.00,EUR,https://raw.githubusercontent.com/pandabayo/tcg-foto/main/_stage_git/Pokemon_Fase_001_001_UNK_ITA_149-FRONTE.jpg,https://raw.githubusercontent.com/pandabayo/tcg-foto/main/_stage_git/Pokemon_Fase_001_001_UNK_ITA_149-RETRO.jpg,,,,,,,,,,,,,,,,,,,Pokemon_Fase_001_001_UNK_ITA_149,,,,,,,,
,Base 001/001 Pokémon TCG ITA,"🎴 Vendo carta Pokémon TCG Base 001/001 in ita originale.
✨ Carta Pokémon singola dell'espansione Espansione Sconosciuta (UNK), ideale per collezionisti e giocatori Pokémon TCG.

📋 Dettagli:
Nome: Base
Numero: 001/001
Espansione: Espansione Sconosciuta (UNK)
Lingua: ITA
Condizioni: Ottime Condizioni

📸 Riceverai esattamente ciò che vedi in foto. Le foto sono parte integrante della descrizione.
📦 La carta verrà spedita protetta con sleeve e/o supporto rigido per garantirne la massima sicurezza durante il trasporto.
🚚 Spedizione generalmente effettuata entro 24h lavorative.
🛒 Consulta il mio armadio per altre carte Pokémon e annunci simili.
💥 Acquistando più articoli puoi creare un set e ottenere sconti dedicati.

#PokemonTCG #Pokemon #Base #PokemonIta #CartaPokemon #CartePokemon",191646,Pokémon,15,,,,4875,,2,1,,,,,1.00,EUR,https://raw.githubusercontent.com/pandabayo/tcg-foto/main/_stage_git/Pokemon_Base_001_001_UNK_ITA_150-FRONTE.jpg,https://raw.githubusercontent.com/pandabayo/tcg-foto/main/_stage_git/Pokemon_Base_001_001_UNK_ITA_150-RETRO.jpg,,,,,,,,,,,,,,,,,,,Pokemon_Base_001_001_UNK_ITA_150,,,,,,,,
,Base 001/001 Pokémon TCG ITA,"🎴 Vendo carta Pokémon TCG Base 001/001 in ita originale.
✨ Carta Pokémon singola dell'espansione Espansione Sconosciuta (UNK), ideale per collezionisti e giocatori Pokémon TCG.

📋 Dettagli:
Nome: Base
Numero: 001/001
Espansione: Espansione Sconosciuta (UNK)
Lingua: ITA
Condizioni: Ottime Condizioni

📸 Riceverai esattamente ciò che vedi in foto. Le foto sono parte integrante della descrizione.
📦 La carta verrà spedita protetta con sleeve e/o supporto rigido per garantirne la massima sicurezza durante il trasporto.
🚚 Spedizione generalmente effettuata entro 24h lavorative.
🛒 Consulta il mio armadio per altre carte Pokémon e annunci simili.
💥 Acquistando più articoli puoi creare un set e ottenere sconti dedicati.

#PokemonTCG #Pokemon #Base #PokemonIta #CartaPokemon #CartePokemon",191646,Pokémon,15,,,,4875,,2,1,,,,,1.00,EUR,https://raw.githubusercontent.com/pandabayo/tcg-foto/main/_stage_git/Pokemon_Base_001_001_UNK_ITA_151-FRONTE.jpg,https://raw.githubusercontent.com/pandabayo/tcg-foto/main/_stage_git/Pokemon_Base_001_001_UNK_ITA_151-RETRO.jpg,,,,,,,,,,,,,,,,,,,Pokemon_Base_001_001_UNK_ITA_151,,,,,,,,
,Faseu 093/132 Pokémon TCG ITA,"🎴 Vendo carta Pokémon TCG Faseu 093/132 in ita originale.
✨ Carta Pokémon singola dell'espansione Espansione Sconosciuta (UNK), ideale per collezionisti e giocatori Pokémon TCG.

📋 Dettagli:
Nome: Faseu
Numero: 093/132
Espansione: Espansione Sconosciuta (UNK)
Lingua: ITA
Condizioni: Ottime Condizioni

📸 Riceverai esattamente ciò che vedi in foto. Le foto sono parte integrante della descrizione.
📦 La carta verrà spedita protetta con sleeve e/o supporto rigido per garantirne la massima sicurezza durante il trasporto.
🚚 Spedizione generalmente effettuata entro 24h lavorative.
🛒 Consulta il mio armadio per altre carte Pokémon e annunci simili.
💥 Acquistando più articoli puoi creare un set e ottenere sconti dedicati.

#PokemonTCG #Pokemon #Faseu #PokemonIta #CartaPokemon #CartePokemon",191646,Pokémon,15,,,,4875,,2,1,,,,,1.00,EUR,https://raw.githubusercontent.com/pandabayo/tcg-foto/main/_stage_git/Pokemon_Faseu_093_132_UNK_ITA_152-FRONTE.jpg,https://raw.githubusercontent.com/pandabayo/tcg-foto/main/_stage_git/Pokemon_Faseu_093_132_UNK_ITA_152-RETRO.jpg,,,,,,,,,,,,,,,,,,,Pokemon_Faseu_093_132_UNK_ITA_152,,,,,,,,
,Base 050/064 Pokémon TCG ITA,"🎴 Vendo carta Pokémon TCG Base 050/064 in ita originale.
✨ Carta Pokémon singola dell'espansione Espansione Sconosciuta (UNK), ideale per collezionisti e giocatori Pokémon TCG.

📋 Dettagli:
Nome: Base
Numero: 050/064
Espansione: Espansione Sconosciuta (UNK)
Lingua: ITA
Condizioni: Ottime Condizioni

📸 Riceverai esattamente ciò che vedi in foto. Le foto sono parte integrante della descrizione.
📦 La carta verrà spedita protetta con sleeve e/o supporto rigido per garantirne la massima sicurezza durante il trasporto.
🚚 Spedizione generalmente effettuata entro 24h lavorative.
🛒 Consulta il mio armadio per altre carte Pokémon e annunci simili.
💥 Acquistando più articoli puoi creare un set e ottenere sconti dedicati.

#PokemonTCG #Pokemon #Base #PokemonIta #CartaPokemon #CartePokemon",191646,Pokémon,15,,,,4875,,2,1,,,,,1.00,EUR,https://raw.githubusercontent.com/pandabayo/tcg-foto/main/_stage_git/Pokemon_Base_050_064_UNK_ITA_153-FRONTE.jpg,https://raw.githubusercontent.com/pandabayo/tcg-foto/main/_stage_git/Pokemon_Base_050_064_UNK_ITA_153-RETRO.jpg,,,,,,,,,,,,,,,,,,,Pokemon_Base_050_064_UNK_ITA_153,,,,,,,,
,Ultra 091/091 Pokémon TCG ITA,"🎴 Vendo carta Pokémon TCG Ultra 091/091 in ita originale.
✨ Carta Pokémon singola dell'espansione Paldean Fates (PAF), ideale per collezionisti e giocatori Pokémon TCG.

📋 Dettagli:
Nome: Ultra
Numero: 091/091
Espansione: Paldean Fates (PAF)
Lingua: ITA
Condizioni: Ottime Condizioni

📸 Riceverai esattamente ciò che vedi in foto. Le foto sono parte integrante della descrizione.
📦 La carta verrà spedita protetta con sleeve e/o supporto rigido per garantirne la massima sicurezza durante il trasporto.
🚚 Spedizione generalmente effettuata entro 24h lavorative.
🛒 Consulta il mio armadio per altre carte Pokémon e annunci simili.
💥 Acquistando più articoli puoi creare un set e ottenere sconti dedicati.

#PokemonTCG #Pokemon #Ultra #PokemonIta #CartaPokemon #CartePokemon #PAF",191646,Pokémon,15,,,,4875,,2,1,,,,,1.00,EUR,https://raw.githubusercontent.com/pandabayo/tcg-foto/main/_stage_git/Pokemon_Ultra_091_091_PAF_ITA_154-FRONTE.jpg,https://raw.githubusercontent.com/pandabayo/tcg-foto/main/_stage_git/Pokemon_Ultra_091_091_PAF_ITA_154-RETRO.jpg,,,,,,,,,,,,,,,,,,,Pokemon_Ultra_091_091_PAF_ITA_154,,,,,,,,
,Fase 020/064 Pokémon TCG ITA,"🎴 Vendo carta Pokémon TCG Fase 020/064 in ita originale.
✨ Carta Pokémon singola dell'espansione Espansione Sconosciuta (UNK), ideale per collezionisti e giocatori Pokémon TCG.

📋 Dettagli:
Nome: Fase
Numero: 020/064
Espansione: Espansione Sconosciuta (UNK)
Lingua: ITA
Condizioni: Ottime Condizioni

📸 Riceverai esattamente ciò che vedi in foto. Le foto sono parte integrante della descrizione.
📦 La carta verrà spedita protetta con sleeve e/o supporto rigido per garantirne la massima sicurezza durante il trasporto.
🚚 Spedizione generalmente effettuata entro 24h lavorative.
🛒 Consulta il mio armadio per altre carte Pokémon e annunci simili.
💥 Acquistando più articoli puoi creare un set e ottenere sconti dedicati.

#PokemonTCG #Pokemon #Fase #PokemonIta #CartaPokemon #CartePokemon",191646,Pokémon,15,,,,4875,,2,1,,,,,1.00,EUR,https://raw.githubusercontent.com/pandabayo/tcg-foto/main/_stage_git/Pokemon_Fase_020_064_UNK_ITA_155-FRONTE.jpg,https://raw.githubusercontent.com/pandabayo/tcg-foto/main/_stage_git/Pokemon_Fase_020_064_UNK_ITA_155-RETRO.jpg,,,,,,,,,,,,,,,,,,,Pokemon_Fase_020_064_UNK_ITA_155,,,,,,,,
,Base 003/064 Pokémon TCG ITA,"🎴 Vendo carta Pokémon TCG Base 003/064 in ita originale.
✨ Carta Pokémon singola dell'espansione Espansione Sconosciuta (UNK), ideale per collezionisti e giocatori Pokémon TCG.

📋 Dettagli:
Nome: Base
Numero: 003/064
Espansione: Espansione Sconosciuta (UNK)
Lingua: ITA
Condizioni: Ottime Condizioni

📸 Riceverai esattamente ciò che vedi in foto. Le foto sono parte integrante della descrizione.
📦 La carta verrà spedita protetta con sleeve e/o supporto rigido per garantirne la massima sicurezza durante il trasporto.
🚚 Spedizione generalmente effettuata entro 24h lavorative.
🛒 Consulta il mio armadio per altre carte Pokémon e annunci simili.
💥 Acquistando più articoli puoi creare un set e ottenere sconti dedicati.

#PokemonTCG #Pokemon #Base #PokemonIta #CartaPokemon #CartePokemon",191646,Pokémon,15,,,,4875,,2,1,,,,,1.00,EUR,https://raw.githubusercontent.com/pandabayo/tcg-foto/main/_stage_git/Pokemon_Base_003_064_UNK_ITA_156-FRONTE.jpg,https://raw.githubusercontent.com/pandabayo/tcg-foto/main/_stage_git/Pokemon_Base_003_064_UNK_ITA_156-RETRO.jpg,,,,,,,,,,,,,,,,,,,Pokemon_Base_003_064_UNK_ITA_156,,,,,,,,
,Base 006/06 Pokémon TCG ITA,"🎴 Vendo carta Pokémon TCG Base 006/06 in ita originale.
✨ Carta Pokémon singola dell'espansione Espansione Sconosciuta (UNK), ideale per collezionisti e giocatori Pokémon TCG.

📋 Dettagli:
Nome: Base
Numero: 006/06
Espansione: Espansione Sconosciuta (UNK)
Lingua: ITA
Condizioni: Ottime Condizioni

📸 Riceverai esattamente ciò che vedi in foto. Le foto sono parte integrante della descrizione.
📦 La carta verrà spedita protetta con sleeve e/o supporto rigido per garantirne la massima sicurezza durante il trasporto.
🚚 Spedizione generalmente effettuata entro 24h lavorative.
🛒 Consulta il mio armadio per altre carte Pokémon e annunci simili.
💥 Acquistando più articoli puoi creare un set e ottenere sconti dedicati.

#PokemonTCG #Pokemon #Base #PokemonIta #CartaPokemon #CartePokemon",191646,Pokémon,15,,,,4875,,2,1,,,,,1.00,EUR,https://raw.githubusercontent.com/pandabayo/tcg-foto/main/_stage_git/Pokemon_Base_006_06_UNK_ITA_157-FRONTE.jpg,https://raw.githubusercontent.com/pandabayo/tcg-foto/main/_stage_git/Pokemon_Base_006_06_UNK_ITA_157-RETRO.jpg,,,,,,,,,,,,,,,,,,,Pokemon_Base_006_06_UNK_ITA_157,,,,,,,,
,Scambio 194/198 Pokémon TCG ITA,"🎴 Vendo carta Pokémon TCG Scambio 194/198 in ita originale.
✨ Carta Pokémon singola dell'espansione Espansione Sconosciuta (UNK), ideale per collezionisti e giocatori Pokémon TCG.

📋 Dettagli:
Nome: Scambio
Numero: 194/198
Espansione: Espansione Sconosciuta (UNK)
Lingua: ITA
Condizioni: Ottime Condizioni

📸 Riceverai esattamente ciò che vedi in foto. Le foto sono parte integrante della descrizione.
📦 La carta verrà spedita protetta con sleeve e/o supporto rigido per garantirne la massima sicurezza durante il trasporto.
🚚 Spedizione generalmente effettuata entro 24h lavorative.
🛒 Consulta il mio armadio per altre carte Pokémon e annunci simili.
💥 Acquistando più articoli puoi creare un set e ottenere sconti dedicati.

#PokemonTCG #Pokemon #Scambio #PokemonIta #CartaPokemon #CartePokemon",191646,Pokémon,15,,,,4875,,2,1,,,,,1.00,EUR,https://raw.githubusercontent.com/pandabayo/tcg-foto/main/_stage_git/Pokemon_Scambio_194_198_UNK_ITA_158-FRONTE.jpg,https://raw.githubusercontent.com/pandabayo/tcg-foto/main/_stage_git/Pokemon_Scambio_194_198_UNK_ITA_158-RETRO.jpg,,,,,,,,,,,,,,,,,,,Pokemon_Scambio_194_198_UNK_ITA_158,,,,,,,,
,Ajuto 001/001 Pokémon TCG ITA,"🎴 Vendo carta Pokémon TCG Ajuto 001/001 in ita originale.
✨ Carta Pokémon singola dell'espansione Paldean Fates (PAF), ideale per collezionisti e giocatori Pokémon TCG.

📋 Dettagli:
Nome: Ajuto
Numero: 001/001
Espansione: Paldean Fates (PAF)
Lingua: ITA
Condizioni: Ottime Condizioni

📸 Riceverai esattamente ciò che vedi in foto. Le foto sono parte integrante della descrizione.
📦 La carta verrà spedita protetta con sleeve e/o supporto rigido per garantirne la massima sicurezza durante il trasporto.
🚚 Spedizione generalmente effettuata entro 24h lavorative.
🛒 Consulta il mio armadio per altre carte Pokémon e annunci simili.
💥 Acquistando più articoli puoi creare un set e ottenere sconti dedicati.

#PokemonTCG #Pokemon #Ajuto #PokemonIta #CartaPokemon #CartePokemon #PAF",191646,Pokémon,15,,,,4875,,2,1,,,,,1.00,EUR,https://raw.githubusercontent.com/pandabayo/tcg-foto/main/_stage_git/Pokemon_Ajuto_001_001_PAF_ITA_159-FRONTE.jpg,https://raw.githubusercontent.com/pandabayo/tcg-foto/main/_stage_git/Pokemon_Ajuto_001_001_PAF_ITA_159-RETRO.jpg,,,,,,,,,,,,,,,,,,,Pokemon_Ajuto_001_001_PAF_ITA_159,,,,,,,,
,Basg 062/162 Pokémon TCG ITA,"🎴 Vendo carta Pokémon TCG Basg 062/162 in ita originale.
✨ Carta Pokémon singola dell'espansione Espansione Sconosciuta (UNK), ideale per collezionisti e giocatori Pokémon TCG.

📋 Dettagli:
Nome: Basg
Numero: 062/162
Espansione: Espansione Sconosciuta (UNK)
Lingua: ITA
Condizioni: Ottime Condizioni

📸 Riceverai esattamente ciò che vedi in foto. Le foto sono parte integrante della descrizione.
📦 La carta verrà spedita protetta con sleeve e/o supporto rigido per garantirne la massima sicurezza durante il trasporto.
🚚 Spedizione generalmente effettuata entro 24h lavorative.
🛒 Consulta il mio armadio per altre carte Pokémon e annunci simili.
💥 Acquistando più articoli puoi creare un set e ottenere sconti dedicati.

#PokemonTCG #Pokemon #Basg #PokemonIta #CartaPokemon #CartePokemon",191646,Pokémon,15,,,,4875,,2,1,,,,,1.00,EUR,https://raw.githubusercontent.com/pandabayo/tcg-foto/main/_stage_git/Pokemon_Basg_062_162_UNK_ITA_160-FRONTE.jpg,https://raw.githubusercontent.com/pandabayo/tcg-foto/main/_stage_git/Pokemon_Basg_062_162_UNK_ITA_160-RETRO.jpg,,,,,,,,,,,,,,,,,,,Pokemon_Basg_062_162_UNK_ITA_160,,,,,,,,
,Base 040/064 Pokémon TCG ITA,"🎴 Vendo carta Pokémon TCG Base 040/064 in ita originale.
✨ Carta Pokémon singola dell'espansione Espansione Sconosciuta (UNK), ideale per collezionisti e giocatori Pokémon TCG.

📋 Dettagli:
Nome: Base
Numero: 040/064
Espansione: Espansione Sconosciuta (UNK)
Lingua: ITA
Condizioni: Ottime Condizioni

📸 Riceverai esattamente ciò che vedi in foto. Le foto sono parte integrante della descrizione.
📦 La carta verrà spedita protetta con sleeve e/o supporto rigido per garantirne la massima sicurezza durante il trasporto.
🚚 Spedizione generalmente effettuata entro 24h lavorative.
🛒 Consulta il mio armadio per altre carte Pokémon e annunci simili.
💥 Acquistando più articoli puoi creare un set e ottenere sconti dedicati.

#PokemonTCG #Pokemon #Base #PokemonIta #CartaPokemon #CartePokemon",191646,Pokémon,15,,,,4875,,2,1,,,,,1.00,EUR,https://raw.githubusercontent.com/pandabayo/tcg-foto/main/_stage_git/Pokemon_Base_040_064_UNK_ITA_161-FRONTE.jpg,https://raw.githubusercontent.com/pandabayo/tcg-foto/main/_stage_git/Pokemon_Base_040_064_UNK_ITA_161-RETRO.jpg,,,,,,,,,,,,,,,,,,,Pokemon_Base_040_064_UNK_ITA_161,,,,,,,,
,Base 036/091 Pokémon TCG ITA,"🎴 Vendo carta Pokémon TCG Base 036/091 in ita originale.
✨ Carta Pokémon singola dell'espansione Paldean Fates (PAF), ideale per collezionisti e giocatori Pokémon TCG.

📋 Dettagli:
Nome: Base
Numero: 036/091
Espansione: Paldean Fates (PAF)
Lingua: ITA
Condizioni: Ottime Condizioni

📸 Riceverai esattamente ciò che vedi in foto. Le foto sono parte integrante della descrizione.
📦 La carta verrà spedita protetta con sleeve e/o supporto rigido per garantirne la massima sicurezza durante il trasporto.
🚚 Spedizione generalmente effettuata entro 24h lavorative.
🛒 Consulta il mio armadio per altre carte Pokémon e annunci simili.
💥 Acquistando più articoli puoi creare un set e ottenere sconti dedicati.

#PokemonTCG #Pokemon #Base #PokemonIta #CartaPokemon #CartePokemon #PAF",191646,Pokémon,15,,,,4875,,2,1,,,,,1.00,EUR,https://raw.githubusercontent.com/pandabayo/tcg-foto/main/_stage_git/Pokemon_Base_036_091_PAF_ITA_162-FRONTE.jpg,https://raw.githubusercontent.com/pandabayo/tcg-foto/main/_stage_git/Pokemon_Base_036_091_PAF_ITA_162-RETRO.jpg,,,,,,,,,,,,,,,,,,,Pokemon_Base_036_091_PAF_ITA_162,,,,,,,,
,Aluto 090/094 Pokémon TCG ITA,"🎴 Vendo carta Pokémon TCG Aluto 090/094 in ita originale.
✨ Carta Pokémon singola dell'espansione Espansione Sconosciuta (UNK), ideale per collezionisti e giocatori Pokémon TCG.

📋 Dettagli:
Nome: Aluto
Numero: 090/094
Espansione: Espansione Sconosciuta (UNK)
Lingua: ITA
Condizioni: Ottime Condizioni

📸 Riceverai esattamente ciò che vedi in foto. Le foto sono parte integrante della descrizione.
📦 La carta verrà spedita protetta con sleeve e/o supporto rigido per garantirne la massima sicurezza durante il trasporto.
🚚 Spedizione generalmente effettuata entro 24h lavorative.
🛒 Consulta il mio armadio per altre carte Pokémon e annunci simili.
💥 Acquistando più articoli puoi creare un set e ottenere sconti dedicati.

#PokemonTCG #Pokemon #Aluto #PokemonIta #CartaPokemon #CartePokemon",191646,Pokémon,15,,,,4875,,2,1,,,,,1.00,EUR,https://raw.githubusercontent.com/pandabayo/tcg-foto/main/_stage_git/Pokemon_Aluto_090_094_UNK_ITA_163-FRONTE.jpg,https://raw.githubusercontent.com/pandabayo/tcg-foto/main/_stage_git/Pokemon_Aluto_090_094_UNK_ITA_163-RETRO.jpg,,,,,,,,,,,,,,,,,,,Pokemon_Aluto_090_094_UNK_ITA_163,,,,,,,,
,Base 031/091 Pokémon TCG ITA,"🎴 Vendo carta Pokémon TCG Base 031/091 in ita originale.
✨ Carta Pokémon singola dell'espansione Paldean Fates (PAF), ideale per collezionisti e giocatori Pokémon TCG.

📋 Dettagli:
Nome: Base
Numero: 031/091
Espansione: Paldean Fates (PAF)
Lingua: ITA
Condizioni: Ottime Condizioni

📸 Riceverai esattamente ciò che vedi in foto. Le foto sono parte integrante della descrizione.
📦 La carta verrà spedita protetta con sleeve e/o supporto rigido per garantirne la massima sicurezza durante il trasporto.
🚚 Spedizione generalmente effettuata entro 24h lavorative.
🛒 Consulta il mio armadio per altre carte Pokémon e annunci simili.
💥 Acquistando più articoli puoi creare un set e ottenere sconti dedicati.

#PokemonTCG #Pokemon #Base #PokemonIta #CartaPokemon #CartePokemon #PAF",191646,Pokémon,15,,,,4875,,2,1,,,,,1.00,EUR,https://raw.githubusercontent.com/pandabayo/tcg-foto/main/_stage_git/Pokemon_Base_031_091_PAF_ITA_164-FRONTE.jpg,https://raw.githubusercontent.com/pandabayo/tcg-foto/main/_stage_git/Pokemon_Base_031_091_PAF_ITA_164-RETRO.jpg,,,,,,,,,,,,,,,,,,,Pokemon_Base_031_091_PAF_ITA_164,,,,,,,,
,Base 032/091 Pokémon TCG ITA,"🎴 Vendo carta Pokémon TCG Base 032/091 in ita originale.
✨ Carta Pokémon singola dell'espansione Espansione Sconosciuta (UNK), ideale per collezionisti e giocatori Pokémon TCG.

📋 Dettagli:
Nome: Base
Numero: 032/091
Espansione: Espansione Sconosciuta (UNK)
Lingua: ITA
Condizioni: Ottime Condizioni

📸 Riceverai esattamente ciò che vedi in foto. Le foto sono parte integrante della descrizione.
📦 La carta verrà spedita protetta con sleeve e/o supporto rigido per garantirne la massima sicurezza durante il trasporto.
🚚 Spedizione generalmente effettuata entro 24h lavorative.
🛒 Consulta il mio armadio per altre carte Pokémon e annunci simili.
💥 Acquistando più articoli puoi creare un set e ottenere sconti dedicati.

#PokemonTCG #Pokemon #Base #PokemonIta #CartaPokemon #CartePokemon",191646,Pokémon,15,,,,4875,,2,1,,,,,1.00,EUR,https://raw.githubusercontent.com/pandabayo/tcg-foto/main/_stage_git/Pokemon_Base_032_091_UNK_ITA_165-FRONTE.jpg,https://raw.githubusercontent.com/pandabayo/tcg-foto/main/_stage_git/Pokemon_Base_032_091_UNK_ITA_165-RETRO.jpg,,,,,,,,,,,,,,,,,,,Pokemon_Base_032_091_UNK_ITA_165,,,,,,,,
,Base 007/091 Pokémon TCG ITA,"🎴 Vendo carta Pokémon TCG Base 007/091 in ita originale.
✨ Carta Pokémon singola dell'espansione Paldean Fates (PAF), ideale per collezionisti e giocatori Pokémon TCG.

📋 Dettagli:
Nome: Base
Numero: 007/091
Espansione: Paldean Fates (PAF)
Lingua: ITA
Condizioni: Ottime Condizioni

📸 Riceverai esattamente ciò che vedi in foto. Le foto sono parte integrante della descrizione.
📦 La carta verrà spedita protetta con sleeve e/o supporto rigido per garantirne la massima sicurezza durante il trasporto.
🚚 Spedizione generalmente effettuata entro 24h lavorative.
🛒 Consulta il mio armadio per altre carte Pokémon e annunci simili.
💥 Acquistando più articoli puoi creare un set e ottenere sconti dedicati.

#PokemonTCG #Pokemon #Base #PokemonIta #CartaPokemon #CartePokemon #PAF",191646,Pokémon,15,,,,4875,,2,1,,,,,1.00,EUR,https://raw.githubusercontent.com/pandabayo/tcg-foto/main/_stage_git/Pokemon_Base_007_091_PAF_ITA_166-FRONTE.jpg,https://raw.githubusercontent.com/pandabayo/tcg-foto/main/_stage_git/Pokemon_Base_007_091_PAF_ITA_166-RETRO.jpg,,,,,,,,,,,,,,,,,,,Pokemon_Base_007_091_PAF_ITA_166,,,,,,,,
,Base 001/001 Pokémon TCG ITA,"🎴 Vendo carta Pokémon TCG Base 001/001 in ita originale.
✨ Carta Pokémon singola dell'espansione Espansione Sconosciuta (UNK), ideale per collezionisti e giocatori Pokémon TCG.

📋 Dettagli:
Nome: Base
Numero: 001/001
Espansione: Espansione Sconosciuta (UNK)
Lingua: ITA
Condizioni: Ottime Condizioni

📸 Riceverai esattamente ciò che vedi in foto. Le foto sono parte integrante della descrizione.
📦 La carta verrà spedita protetta con sleeve e/o supporto rigido per garantirne la massima sicurezza durante il trasporto.
🚚 Spedizione generalmente effettuata entro 24h lavorative.
🛒 Consulta il mio armadio per altre carte Pokémon e annunci simili.
💥 Acquistando più articoli puoi creare un set e ottenere sconti dedicati.

#PokemonTCG #Pokemon #Base #PokemonIta #CartaPokemon #CartePokemon",191646,Pokémon,15,,,,4875,,2,1,,,,,1.00,EUR,https://raw.githubusercontent.com/pandabayo/tcg-foto/main/_stage_git/Pokemon_Base_001_001_UNK_ITA_167-FRONTE.jpg,https://raw.githubusercontent.com/pandabayo/tcg-foto/main/_stage_git/Pokemon_Base_001_001_UNK_ITA_167-RETRO.jpg,,,,,,,,,,,,,,,,,,,Pokemon_Base_001_001_UNK_ITA_167,,,,,,,,
,Fasg 001/001 Pokémon TCG ITA,"🎴 Vendo carta Pokémon TCG Fasg 001/001 in ita originale.
✨ Carta Pokémon singola dell'espansione Espansione Sconosciuta (UNK), ideale per collezionisti e giocatori Pokémon TCG.

📋 Dettagli:
Nome: Fasg
Numero: 001/001
Espansione: Espansione Sconosciuta (UNK)
Lingua: ITA
Condizioni: Ottime Condizioni

📸 Riceverai esattamente ciò che vedi in foto. Le foto sono parte integrante della descrizione.
📦 La carta verrà spedita protetta con sleeve e/o supporto rigido per garantirne la massima sicurezza durante il trasporto.
🚚 Spedizione generalmente effettuata entro 24h lavorative.
🛒 Consulta il mio armadio per altre carte Pokémon e annunci simili.
💥 Acquistando più articoli puoi creare un set e ottenere sconti dedicati.

#PokemonTCG #Pokemon #Fasg #PokemonIta #CartaPokemon #CartePokemon",191646,Pokémon,15,,,,4875,,2,1,,,,,1.00,EUR,https://raw.githubusercontent.com/pandabayo/tcg-foto/main/_stage_git/Pokemon_Fasg_001_001_UNK_ITA_168-FRONTE.jpg,https://raw.githubusercontent.com/pandabayo/tcg-foto/main/_stage_git/Pokemon_Fasg_001_001_UNK_ITA_168-RETRO.jpg,,,,,,,,,,,,,,,,,,,Pokemon_Fasg_001_001_UNK_ITA_168,,,,,,,,
,Fasg 065/094 Pokémon TCG ITA,"🎴 Vendo carta Pokémon TCG Fasg 065/094 in ita originale.
✨ Carta Pokémon singola dell'espansione Espansione Sconosciuta (UNK), ideale per collezionisti e giocatori Pokémon TCG.

📋 Dettagli:
Nome: Fasg
Numero: 065/094
Espansione: Espansione Sconosciuta (UNK)
Lingua: ITA
Condizioni: Ottime Condizioni

📸 Riceverai esattamente ciò che vedi in foto. Le foto sono parte integrante della descrizione.
📦 La carta verrà spedita protetta con sleeve e/o supporto rigido per garantirne la massima sicurezza durante il trasporto.
🚚 Spedizione generalmente effettuata entro 24h lavorative.
🛒 Consulta il mio armadio per altre carte Pokémon e annunci simili.
💥 Acquistando più articoli puoi creare un set e ottenere sconti dedicati.

#PokemonTCG #Pokemon #Fasg #PokemonIta #CartaPokemon #CartePokemon",191646,Pokémon,15,,,,4875,,2,1,,,,,1.00,EUR,https://raw.githubusercontent.com/pandabayo/tcg-foto/main/_stage_git/Pokemon_Fasg_065_094_UNK_ITA_169-FRONTE.jpg,https://raw.githubusercontent.com/pandabayo/tcg-foto/main/_stage_git/Pokemon_Fasg_065_094_UNK_ITA_169-RETRO.jpg,,,,,,,,,,,,,,,,,,,Pokemon_Fasg_065_094_UNK_ITA_169,,,,,,,,
,Gelato 091/094 Pokémon TCG ITA,"🎴 Vendo carta Pokémon TCG Gelato 091/094 in ita originale.
✨ Carta Pokémon singola dell'espansione Espansione Sconosciuta (UNK), ideale per collezionisti e giocatori Pokémon TCG.

📋 Dettagli:
Nome: Gelato
Numero: 091/094
Espansione: Espansione Sconosciuta (UNK)
Lingua: ITA
Condizioni: Ottime Condizioni

📸 Riceverai esattamente ciò che vedi in foto. Le foto sono parte integrante della descrizione.
📦 La carta verrà spedita protetta con sleeve e/o supporto rigido per garantirne la massima sicurezza durante il trasporto.
🚚 Spedizione generalmente effettuata entro 24h lavorative.
🛒 Consulta il mio armadio per altre carte Pokémon e annunci simili.
💥 Acquistando più articoli puoi creare un set e ottenere sconti dedicati.

#PokemonTCG #Pokemon #Gelato #PokemonIta #CartaPokemon #CartePokemon",191646,Pokémon,15,,,,4875,,2,1,,,,,1.00,EUR,https://raw.githubusercontent.com/pandabayo/tcg-foto/main/_stage_git/Pokemon_Gelato_091_094_UNK_ITA_170-FRONTE.jpg,https://raw.githubusercontent.com/pandabayo/tcg-foto/main/_stage_git/Pokemon_Gelato_091_094_UNK_ITA_170-RETRO.jpg,,,,,,,,,,,,,,,,,,,Pokemon_Gelato_091_094_UNK_ITA_170,,,,,,,,
,Fasg 001/001 Pokémon TCG ITA,"🎴 Vendo carta Pokémon TCG Fasg 001/001 in ita originale.
✨ Carta Pokémon singola dell'espansione Espansione Sconosciuta (UNK), ideale per collezionisti e giocatori Pokémon TCG.

📋 Dettagli:
Nome: Fasg
Numero: 001/001
Espansione: Espansione Sconosciuta (UNK)
Lingua: ITA
Condizioni: Ottime Condizioni

📸 Riceverai esattamente ciò che vedi in foto. Le foto sono parte integrante della descrizione.
📦 La carta verrà spedita protetta con sleeve e/o supporto rigido per garantirne la massima sicurezza durante il trasporto.
🚚 Spedizione generalmente effettuata entro 24h lavorative.
🛒 Consulta il mio armadio per altre carte Pokémon e annunci simili.
💥 Acquistando più articoli puoi creare un set e ottenere sconti dedicati.

#PokemonTCG #Pokemon #Fasg #PokemonIta #CartaPokemon #CartePokemon",191646,Pokémon,15,,,,4875,,2,1,,,,,1.00,EUR,https://raw.githubusercontent.com/pandabayo/tcg-foto/main/_stage_git/Pokemon_Fasg_001_001_UNK_ITA_171-FRONTE.jpg,https://raw.githubusercontent.com/pandabayo/tcg-foto/main/_stage_git/Pokemon_Fasg_001_001_UNK_ITA_171-RETRO.jpg,,,,,,,,,,,,,,,,,,,Pokemon_Fasg_001_001_UNK_ITA_171,,,,,,,,
,Base 014/015 Pokémon TCG ITA,"🎴 Vendo carta Pokémon TCG Base 014/015 in ita originale.
✨ Carta Pokémon singola dell'espansione Espansione Sconosciuta (UNK), ideale per collezionisti e giocatori Pokémon TCG.

📋 Dettagli:
Nome: Base
Numero: 014/015
Espansione: Espansione Sconosciuta (UNK)
Lingua: ITA
Condizioni: Ottime Condizioni

📸 Riceverai esattamente ciò che vedi in foto. Le foto sono parte integrante della descrizione.
📦 La carta verrà spedita protetta con sleeve e/o supporto rigido per garantirne la massima sicurezza durante il trasporto.
🚚 Spedizione generalmente effettuata entro 24h lavorative.
🛒 Consulta il mio armadio per altre carte Pokémon e annunci simili.
💥 Acquistando più articoli puoi creare un set e ottenere sconti dedicati.

#PokemonTCG #Pokemon #Base #PokemonIta #CartaPokemon #CartePokemon",191646,Pokémon,15,,,,4875,,2,1,,,,,1.00,EUR,https://raw.githubusercontent.com/pandabayo/tcg-foto/main/_stage_git/Pokemon_Base_014_015_UNK_ITA_172-FRONTE.jpg,https://raw.githubusercontent.com/pandabayo/tcg-foto/main/_stage_git/Pokemon_Base_014_015_UNK_ITA_172-RETRO.jpg,,,,,,,,,,,,,,,,,,,Pokemon_Base_014_015_UNK_ITA_172,,,,,,,,
,Fase 012/015 Pokémon TCG ITA,"🎴 Vendo carta Pokémon TCG Fase 012/015 in ita originale.
✨ Carta Pokémon singola dell'espansione Espansione Sconosciuta (UNK), ideale per collezionisti e giocatori Pokémon TCG.

📋 Dettagli:
Nome: Fase
Numero: 012/015
Espansione: Espansione Sconosciuta (UNK)
Lingua: ITA
Condizioni: Ottime Condizioni

📸 Riceverai esattamente ciò che vedi in foto. Le foto sono parte integrante della descrizione.
📦 La carta verrà spedita protetta con sleeve e/o supporto rigido per garantirne la massima sicurezza durante il trasporto.
🚚 Spedizione generalmente effettuata entro 24h lavorative.
🛒 Consulta il mio armadio per altre carte Pokémon e annunci simili.
💥 Acquistando più articoli puoi creare un set e ottenere sconti dedicati.

#PokemonTCG #Pokemon #Fase #PokemonIta #CartaPokemon #CartePokemon",191646,Pokémon,15,,,,4875,,2,1,,,,,1.00,EUR,https://raw.githubusercontent.com/pandabayo/tcg-foto/main/_stage_git/Pokemon_Fase_012_015_UNK_ITA_173-FRONTE.jpg,https://raw.githubusercontent.com/pandabayo/tcg-foto/main/_stage_git/Pokemon_Fase_012_015_UNK_ITA_173-RETRO.jpg,,,,,,,,,,,,,,,,,,,Pokemon_Fase_012_015_UNK_ITA_173,,,,,,,,
,Base 001/001 Pokémon TCG ITA,"🎴 Vendo carta Pokémon TCG Base 001/001 in ita originale.
✨ Carta Pokémon singola dell'espansione Espansione Sconosciuta (UNK), ideale per collezionisti e giocatori Pokémon TCG.

📋 Dettagli:
Nome: Base
Numero: 001/001
Espansione: Espansione Sconosciuta (UNK)
Lingua: ITA
Condizioni: Ottime Condizioni

📸 Riceverai esattamente ciò che vedi in foto. Le foto sono parte integrante della descrizione.
📦 La carta verrà spedita protetta con sleeve e/o supporto rigido per garantirne la massima sicurezza durante il trasporto.
🚚 Spedizione generalmente effettuata entro 24h lavorative.
🛒 Consulta il mio armadio per altre carte Pokémon e annunci simili.
💥 Acquistando più articoli puoi creare un set e ottenere sconti dedicati.

#PokemonTCG #Pokemon #Base #PokemonIta #CartaPokemon #CartePokemon",191646,Pokémon,15,,,,4875,,2,1,,,,,1.00,EUR,https://raw.githubusercontent.com/pandabayo/tcg-foto/main/_stage_git/Pokemon_Base_001_001_UNK_ITA_174-FRONTE.jpg,https://raw.githubusercontent.com/pandabayo/tcg-foto/main/_stage_git/Pokemon_Base_001_001_UNK_ITA_174-RETRO.jpg,,,,,,,,,,,,,,,,,,,Pokemon_Base_001_001_UNK_ITA_174,,,,,,,,
,Basg 079/162 Pokémon TCG ITA,"🎴 Vendo carta Pokémon TCG Basg 079/162 in ita originale.
✨ Carta Pokémon singola dell'espansione Espansione Sconosciuta (UNK), ideale per collezionisti e giocatori Pokémon TCG.

📋 Dettagli:
Nome: Basg
Numero: 079/162
Espansione: Espansione Sconosciuta (UNK)
Lingua: ITA
Condizioni: Ottime Condizioni

📸 Riceverai esattamente ciò che vedi in foto. Le foto sono parte integrante della descrizione.
📦 La carta verrà spedita protetta con sleeve e/o supporto rigido per garantirne la massima sicurezza durante il trasporto.
🚚 Spedizione generalmente effettuata entro 24h lavorative.
🛒 Consulta il mio armadio per altre carte Pokémon e annunci simili.
💥 Acquistando più articoli puoi creare un set e ottenere sconti dedicati.

#PokemonTCG #Pokemon #Basg #PokemonIta #CartaPokemon #CartePokemon",191646,Pokémon,15,,,,4875,,2,1,,,,,1.00,EUR,https://raw.githubusercontent.com/pandabayo/tcg-foto/main/_stage_git/Pokemon_Basg_079_162_UNK_ITA_175-FRONTE.jpg,https://raw.githubusercontent.com/pandabayo/tcg-foto/main/_stage_git/Pokemon_Basg_079_162_UNK_ITA_175-RETRO.jpg,,,,,,,,,,,,,,,,,,,Pokemon_Basg_079_162_UNK_ITA_175,,,,,,,,
,Fasg 071/719 Pokémon TCG ITA,"🎴 Vendo carta Pokémon TCG Fasg 071/719 in ita originale.
✨ Carta Pokémon singola dell'espansione Espansione Sconosciuta (UNK), ideale per collezionisti e giocatori Pokémon TCG.

📋 Dettagli:
Nome: Fasg
Numero: 071/719
Espansione: Espansione Sconosciuta (UNK)
Lingua: ITA
Condizioni: Ottime Condizioni

📸 Riceverai esattamente ciò che vedi in foto. Le foto sono parte integrante della descrizione.
📦 La carta verrà spedita protetta con sleeve e/o supporto rigido per garantirne la massima sicurezza durante il trasporto.
🚚 Spedizione generalmente effettuata entro 24h lavorative.
🛒 Consulta il mio armadio per altre carte Pokémon e annunci simili.
💥 Acquistando più articoli puoi creare un set e ottenere sconti dedicati.

#PokemonTCG #Pokemon #Fasg #PokemonIta #CartaPokemon #CartePokemon",191646,Pokémon,15,,,,4875,,2,1,,,,,1.00,EUR,https://raw.githubusercontent.com/pandabayo/tcg-foto/main/_stage_git/Pokemon_Fasg_071_719_UNK_ITA_176-FRONTE.jpg,https://raw.githubusercontent.com/pandabayo/tcg-foto/main/_stage_git/Pokemon_Fasg_071_719_UNK_ITA_176-RETRO.jpg,,,,,,,,,,,,,,,,,,,Pokemon_Fasg_071_719_UNK_ITA_176,,,,,,,,
,Base 122/217 Pokémon TCG ITA,"🎴 Vendo carta Pokémon TCG Base 122/217 in ita originale.
✨ Carta Pokémon singola dell'espansione Espansione Sconosciuta (UNK), ideale per collezionisti e giocatori Pokémon TCG.

📋 Dettagli:
Nome: Base
Numero: 122/217
Espansione: Espansione Sconosciuta (UNK)
Lingua: ITA
Condizioni: Ottime Condizioni

📸 Riceverai esattamente ciò che vedi in foto. Le foto sono parte integrante della descrizione.
📦 La carta verrà spedita protetta con sleeve e/o supporto rigido per garantirne la massima sicurezza durante il trasporto.
🚚 Spedizione generalmente effettuata entro 24h lavorative.
🛒 Consulta il mio armadio per altre carte Pokémon e annunci simili.
💥 Acquistando più articoli puoi creare un set e ottenere sconti dedicati.

#PokemonTCG #Pokemon #Base #PokemonIta #CartaPokemon #CartePokemon",191646,Pokémon,15,,,,4875,,2,1,,,,,1.00,EUR,https://raw.githubusercontent.com/pandabayo/tcg-foto/main/_stage_git/Pokemon_Base_122_217_UNK_ITA_177-FRONTE.jpg,https://raw.githubusercontent.com/pandabayo/tcg-foto/main/_stage_git/Pokemon_Base_122_217_UNK_ITA_177-RETRO.jpg,,,,,,,,,,,,,,,,,,,Pokemon_Base_122_217_UNK_ITA_177,,,,,,,,
,Fase 036/182 Pokémon TCG ITA,"🎴 Vendo carta Pokémon TCG Fase 036/182 in ita originale.
✨ Carta Pokémon singola dell'espansione Espansione Sconosciuta (UNK), ideale per collezionisti e giocatori Pokémon TCG.

📋 Dettagli:
Nome: Fase
Numero: 036/182
Espansione: Espansione Sconosciuta (UNK)
Lingua: ITA
Condizioni: Ottime Condizioni

📸 Riceverai esattamente ciò che vedi in foto. Le foto sono parte integrante della descrizione.
📦 La carta verrà spedita protetta con sleeve e/o supporto rigido per garantirne la massima sicurezza durante il trasporto.
🚚 Spedizione generalmente effettuata entro 24h lavorative.
🛒 Consulta il mio armadio per altre carte Pokémon e annunci simili.
💥 Acquistando più articoli puoi creare un set e ottenere sconti dedicati.

#PokemonTCG #Pokemon #Fase #PokemonIta #CartaPokemon #CartePokemon",191646,Pokémon,15,,,,4875,,2,1,,,,,1.00,EUR,https://raw.githubusercontent.com/pandabayo/tcg-foto/main/_stage_git/Pokemon_Fase_036_182_UNK_ITA_178-FRONTE.jpg,https://raw.githubusercontent.com/pandabayo/tcg-foto/main/_stage_git/Pokemon_Fase_036_182_UNK_ITA_178-RETRO.jpg,,,,,,,,,,,,,,,,,,,Pokemon_Fase_036_182_UNK_ITA_178,,,,,,,,
,Fase 036/182 Pokémon TCG ITA,"🎴 Vendo carta Pokémon TCG Fase 036/182 in ita originale.
✨ Carta Pokémon singola dell'espansione Espansione Sconosciuta (UNK), ideale per collezionisti e giocatori Pokémon TCG.

📋 Dettagli:
Nome: Fase
Numero: 036/182
Espansione: Espansione Sconosciuta (UNK)
Lingua: ITA
Condizioni: Ottime Condizioni

📸 Riceverai esattamente ciò che vedi in foto. Le foto sono parte integrante della descrizione.
📦 La carta verrà spedita protetta con sleeve e/o supporto rigido per garantirne la massima sicurezza durante il trasporto.
🚚 Spedizione generalmente effettuata entro 24h lavorative.
🛒 Consulta il mio armadio per altre carte Pokémon e annunci simili.
💥 Acquistando più articoli puoi creare un set e ottenere sconti dedicati.

#PokemonTCG #Pokemon #Fase #PokemonIta #CartaPokemon #CartePokemon",191646,Pokémon,15,,,,4875,,2,1,,,,,1.00,EUR,https://raw.githubusercontent.com/pandabayo/tcg-foto/main/_stage_git/Pokemon_Fase_036_182_UNK_ITA_179-FRONTE.jpg,https://raw.githubusercontent.com/pandabayo/tcg-foto/main/_stage_git/Pokemon_Fase_036_182_UNK_ITA_179-RETRO.jpg,,,,,,,,,,,,,,,,,,,Pokemon_Fase_036_182_UNK_ITA_179,,,,,,,,
,Base 026/094 Pokémon TCG ITA,"🎴 Vendo carta Pokémon TCG Base 026/094 in ita originale.
✨ Carta Pokémon singola dell'espansione Espansione Sconosciuta (UNK), ideale per collezionisti e giocatori Pokémon TCG.

📋 Dettagli:
Nome: Base
Numero: 026/094
Espansione: Espansione Sconosciuta (UNK)
Lingua: ITA
Condizioni: Ottime Condizioni

📸 Riceverai esattamente ciò che vedi in foto. Le foto sono parte integrante della descrizione.
📦 La carta verrà spedita protetta con sleeve e/o supporto rigido per garantirne la massima sicurezza durante il trasporto.
🚚 Spedizione generalmente effettuata entro 24h lavorative.
🛒 Consulta il mio armadio per altre carte Pokémon e annunci simili.
💥 Acquistando più articoli puoi creare un set e ottenere sconti dedicati.

#PokemonTCG #Pokemon #Base #PokemonIta #CartaPokemon #CartePokemon",191646,Pokémon,15,,,,4875,,2,1,,,,,1.00,EUR,https://raw.githubusercontent.com/pandabayo/tcg-foto/main/_stage_git/Pokemon_Base_026_094_UNK_ITA_180-FRONTE.jpg,https://raw.githubusercontent.com/pandabayo/tcg-foto/main/_stage_git/Pokemon_Base_026_094_UNK_ITA_180-RETRO.jpg,,,,,,,,,,,,,,,,,,,Pokemon_Base_026_094_UNK_ITA_180,,,,,,,,
,Fase 006/217 Pokémon TCG ITA,"🎴 Vendo carta Pokémon TCG Fase 006/217 in ita originale.
✨ Carta Pokémon singola dell'espansione Espansione Sconosciuta (UNK), ideale per collezionisti e giocatori Pokémon TCG.

📋 Dettagli:
Nome: Fase
Numero: 006/217
Espansione: Espansione Sconosciuta (UNK)
Lingua: ITA
Condizioni: Ottime Condizioni

📸 Riceverai esattamente ciò che vedi in foto. Le foto sono parte integrante della descrizione.
📦 La carta verrà spedita protetta con sleeve e/o supporto rigido per garantirne la massima sicurezza durante il trasporto.
🚚 Spedizione generalmente effettuata entro 24h lavorative.
🛒 Consulta il mio armadio per altre carte Pokémon e annunci simili.
💥 Acquistando più articoli puoi creare un set e ottenere sconti dedicati.

#PokemonTCG #Pokemon #Fase #PokemonIta #CartaPokemon #CartePokemon",191646,Pokémon,15,,,,4875,,2,1,,,,,1.00,EUR,https://raw.githubusercontent.com/pandabayo/tcg-foto/main/_stage_git/Pokemon_Fase_006_217_UNK_ITA_181-FRONTE.jpg,https://raw.githubusercontent.com/pandabayo/tcg-foto/main/_stage_git/Pokemon_Fase_006_217_UNK_ITA_181-RETRO.jpg,,,,,,,,,,,,,,,,,,,Pokemon_Fase_006_217_UNK_ITA_181,,,,,,,,
,Basg 001/001 Pokémon TCG ITA,"🎴 Vendo carta Pokémon TCG Basg 001/001 in ita originale.
✨ Carta Pokémon singola dell'espansione Espansione Sconosciuta (UNK), ideale per collezionisti e giocatori Pokémon TCG.

📋 Dettagli:
Nome: Basg
Numero: 001/001
Espansione: Espansione Sconosciuta (UNK)
Lingua: ITA
Condizioni: Ottime Condizioni

📸 Riceverai esattamente ciò che vedi in foto. Le foto sono parte integrante della descrizione.
📦 La carta verrà spedita protetta con sleeve e/o supporto rigido per garantirne la massima sicurezza durante il trasporto.
🚚 Spedizione generalmente effettuata entro 24h lavorative.
🛒 Consulta il mio armadio per altre carte Pokémon e annunci simili.
💥 Acquistando più articoli puoi creare un set e ottenere sconti dedicati.

#PokemonTCG #Pokemon #Basg #PokemonIta #CartaPokemon #CartePokemon",191646,Pokémon,15,,,,4875,,2,1,,,,,1.00,EUR,https://raw.githubusercontent.com/pandabayo/tcg-foto/main/_stage_git/Pokemon_Basg_001_001_UNK_ITA_182-FRONTE.jpg,https://raw.githubusercontent.com/pandabayo/tcg-foto/main/_stage_git/Pokemon_Basg_001_001_UNK_ITA_182-RETRO.jpg,,,,,,,,,,,,,,,,,,,Pokemon_Basg_001_001_UNK_ITA_182,,,,,,,,
,Fase 005/159 Pokémon TCG ITA,"🎴 Vendo carta Pokémon TCG Fase 005/159 in ita originale.
✨ Carta Pokémon singola dell'espansione Espansione Sconosciuta (UNK), ideale per collezionisti e giocatori Pokémon TCG.

📋 Dettagli:
Nome: Fase
Numero: 005/159
Espansione: Espansione Sconosciuta (UNK)
Lingua: ITA
Condizioni: Ottime Condizioni

📸 Riceverai esattamente ciò che vedi in foto. Le foto sono parte integrante della descrizione.
📦 La carta verrà spedita protetta con sleeve e/o supporto rigido per garantirne la massima sicurezza durante il trasporto.
🚚 Spedizione generalmente effettuata entro 24h lavorative.
🛒 Consulta il mio armadio per altre carte Pokémon e annunci simili.
💥 Acquistando più articoli puoi creare un set e ottenere sconti dedicati.

#PokemonTCG #Pokemon #Fase #PokemonIta #CartaPokemon #CartePokemon",191646,Pokémon,15,,,,4875,,2,1,,,,,1.00,EUR,https://raw.githubusercontent.com/pandabayo/tcg-foto/main/_stage_git/Pokemon_Fase_005_159_UNK_ITA_183-FRONTE.jpg,https://raw.githubusercontent.com/pandabayo/tcg-foto/main/_stage_git/Pokemon_Fase_005_159_UNK_ITA_183-RETRO.jpg,,,,,,,,,,,,,,,,,,,Pokemon_Fase_005_159_UNK_ITA_183,,,,,,,,
,Fase 013/217 Pokémon TCG ITA,"🎴 Vendo carta Pokémon TCG Fase 013/217 in ita originale.
✨ Carta Pokémon singola dell'espansione Espansione Sconosciuta (UNK), ideale per collezionisti e giocatori Pokémon TCG.

📋 Dettagli:
Nome: Fase
Numero: 013/217
Espansione: Espansione Sconosciuta (UNK)
Lingua: ITA
Condizioni: Ottime Condizioni

📸 Riceverai esattamente ciò che vedi in foto. Le foto sono parte integrante della descrizione.
📦 La carta verrà spedita protetta con sleeve e/o supporto rigido per garantirne la massima sicurezza durante il trasporto.
🚚 Spedizione generalmente effettuata entro 24h lavorative.
🛒 Consulta il mio armadio per altre carte Pokémon e annunci simili.
💥 Acquistando più articoli puoi creare un set e ottenere sconti dedicati.

#PokemonTCG #Pokemon #Fase #PokemonIta #CartaPokemon #CartePokemon",191646,Pokémon,15,,,,4875,,2,1,,,,,1.00,EUR,https://raw.githubusercontent.com/pandabayo/tcg-foto/main/_stage_git/Pokemon_Fase_013_217_UNK_ITA_184-FRONTE.jpg,https://raw.githubusercontent.com/pandabayo/tcg-foto/main/_stage_git/Pokemon_Fase_013_217_UNK_ITA_184-RETRO.jpg,,,,,,,,,,,,,,,,,,,Pokemon_Fase_013_217_UNK_ITA_184,,,,,,,,
,Rea 100/131 Pokémon TCG ITA,"🎴 Vendo carta Pokémon TCG Rea 100/131 in ita originale.
✨ Carta Pokémon singola dell'espansione Espansione Sconosciuta (UNK), ideale per collezionisti e giocatori Pokémon TCG.

📋 Dettagli:
Nome: Rea
Numero: 100/131
Espansione: Espansione Sconosciuta (UNK)
Lingua: ITA
Condizioni: Ottime Condizioni

📸 Riceverai esattamente ciò che vedi in foto. Le foto sono parte integrante della descrizione.
📦 La carta verrà spedita protetta con sleeve e/o supporto rigido per garantirne la massima sicurezza durante il trasporto.
🚚 Spedizione generalmente effettuata entro 24h lavorative.
🛒 Consulta il mio armadio per altre carte Pokémon e annunci simili.
💥 Acquistando più articoli puoi creare un set e ottenere sconti dedicati.

#PokemonTCG #Pokemon #Rea #PokemonIta #CartaPokemon #CartePokemon",191646,Pokémon,15,,,,4875,,2,1,,,,,1.00,EUR,https://raw.githubusercontent.com/pandabayo/tcg-foto/main/_stage_git/Pokemon_Rea_100_131_UNK_ITA_185-FRONTE.jpg,https://raw.githubusercontent.com/pandabayo/tcg-foto/main/_stage_git/Pokemon_Rea_100_131_UNK_ITA_185-RETRO.jpg,,,,,,,,,,,,,,,,,,,Pokemon_Rea_100_131_UNK_ITA_185,,,,,,,,
,Fase 022/064 Pokémon TCG ITA,"🎴 Vendo carta Pokémon TCG Fase 022/064 in ita originale.
✨ Carta Pokémon singola dell'espansione Espansione Sconosciuta (UNK), ideale per collezionisti e giocatori Pokémon TCG.

📋 Dettagli:
Nome: Fase
Numero: 022/064
Espansione: Espansione Sconosciuta (UNK)
Lingua: ITA
Condizioni: Ottime Condizioni

📸 Riceverai esattamente ciò che vedi in foto. Le foto sono parte integrante della descrizione.
📦 La carta verrà spedita protetta con sleeve e/o supporto rigido per garantirne la massima sicurezza durante il trasporto.
🚚 Spedizione generalmente effettuata entro 24h lavorative.
🛒 Consulta il mio armadio per altre carte Pokémon e annunci simili.
💥 Acquistando più articoli puoi creare un set e ottenere sconti dedicati.

#PokemonTCG #Pokemon #Fase #PokemonIta #CartaPokemon #CartePokemon",191646,Pokémon,15,,,,4875,,2,1,,,,,1.00,EUR,https://raw.githubusercontent.com/pandabayo/tcg-foto/main/_stage_git/Pokemon_Fase_022_064_UNK_ITA_186-FRONTE.jpg,https://raw.githubusercontent.com/pandabayo/tcg-foto/main/_stage_git/Pokemon_Fase_022_064_UNK_ITA_186-RETRO.jpg,,,,,,,,,,,,,,,,,,,Pokemon_Fase_022_064_UNK_ITA_186,,,,,,,,
,Base 001/001 Pokémon TCG ITA,"🎴 Vendo carta Pokémon TCG Base 001/001 in ita originale.
✨ Carta Pokémon singola dell'espansione Espansione Sconosciuta (UNK), ideale per collezionisti e giocatori Pokémon TCG.

📋 Dettagli:
Nome: Base
Numero: 001/001
Espansione: Espansione Sconosciuta (UNK)
Lingua: ITA
Condizioni: Ottime Condizioni

📸 Riceverai esattamente ciò che vedi in foto. Le foto sono parte integrante della descrizione.
📦 La carta verrà spedita protetta con sleeve e/o supporto rigido per garantirne la massima sicurezza durante il trasporto.
🚚 Spedizione generalmente effettuata entro 24h lavorative.
🛒 Consulta il mio armadio per altre carte Pokémon e annunci simili.
💥 Acquistando più articoli puoi creare un set e ottenere sconti dedicati.

#PokemonTCG #Pokemon #Base #PokemonIta #CartaPokemon #CartePokemon",191646,Pokémon,15,,,,4875,,2,1,,,,,1.00,EUR,https://raw.githubusercontent.com/pandabayo/tcg-foto/main/_stage_git/Pokemon_Base_001_001_UNK_ITA_187-FRONTE.jpg,https://raw.githubusercontent.com/pandabayo/tcg-foto/main/_stage_git/Pokemon_Base_001_001_UNK_ITA_187-RETRO.jpg,,,,,,,,,,,,,,,,,,,Pokemon_Base_001_001_UNK_ITA_187,,,,,,,,
,Fase 012/094 Pokémon TCG ITA,"🎴 Vendo carta Pokémon TCG Fase 012/094 in ita originale.
✨ Carta Pokémon singola dell'espansione Espansione Sconosciuta (UNK), ideale per collezionisti e giocatori Pokémon TCG.

📋 Dettagli:
Nome: Fase
Numero: 012/094
Espansione: Espansione Sconosciuta (UNK)
Lingua: ITA
Condizioni: Ottime Condizioni

📸 Riceverai esattamente ciò che vedi in foto. Le foto sono parte integrante della descrizione.
📦 La carta verrà spedita protetta con sleeve e/o supporto rigido per garantirne la massima sicurezza durante il trasporto.
🚚 Spedizione generalmente effettuata entro 24h lavorative.
🛒 Consulta il mio armadio per altre carte Pokémon e annunci simili.
💥 Acquistando più articoli puoi creare un set e ottenere sconti dedicati.

#PokemonTCG #Pokemon #Fase #PokemonIta #CartaPokemon #CartePokemon",191646,Pokémon,15,,,,4875,,2,1,,,,,1.00,EUR,https://raw.githubusercontent.com/pandabayo/tcg-foto/main/_stage_git/Pokemon_Fase_012_094_UNK_ITA_188-FRONTE.jpg,https://raw.githubusercontent.com/pandabayo/tcg-foto/main/_stage_git/Pokemon_Fase_012_094_UNK_ITA_188-RETRO.jpg,,,,,,,,,,,,,,,,,,,Pokemon_Fase_012_094_UNK_ITA_188,,,,,,,,
,Base 011/094 Pokémon TCG ITA,"🎴 Vendo carta Pokémon TCG Base 011/094 in ita originale.
✨ Carta Pokémon singola dell'espansione Espansione Sconosciuta (UNK), ideale per collezionisti e giocatori Pokémon TCG.

📋 Dettagli:
Nome: Base
Numero: 011/094
Espansione: Espansione Sconosciuta (UNK)
Lingua: ITA
Condizioni: Ottime Condizioni

📸 Riceverai esattamente ciò che vedi in foto. Le foto sono parte integrante della descrizione.
📦 La carta verrà spedita protetta con sleeve e/o supporto rigido per garantirne la massima sicurezza durante il trasporto.
🚚 Spedizione generalmente effettuata entro 24h lavorative.
🛒 Consulta il mio armadio per altre carte Pokémon e annunci simili.
💥 Acquistando più articoli puoi creare un set e ottenere sconti dedicati.

#PokemonTCG #Pokemon #Base #PokemonIta #CartaPokemon #CartePokemon",191646,Pokémon,15,,,,4875,,2,1,,,,,1.00,EUR,https://raw.githubusercontent.com/pandabayo/tcg-foto/main/_stage_git/Pokemon_Base_011_094_UNK_ITA_189-FRONTE.jpg,https://raw.githubusercontent.com/pandabayo/tcg-foto/main/_stage_git/Pokemon_Base_011_094_UNK_ITA_189-RETRO.jpg,,,,,,,,,,,,,,,,,,,Pokemon_Base_011_094_UNK_ITA_189,,,,,,,,
,Fase 001/001 Pokémon TCG ITA,"🎴 Vendo carta Pokémon TCG Fase 001/001 in ita originale.
✨ Carta Pokémon singola dell'espansione Espansione Sconosciuta (UNK), ideale per collezionisti e giocatori Pokémon TCG.

📋 Dettagli:
Nome: Fase
Numero: 001/001
Espansione: Espansione Sconosciuta (UNK)
Lingua: ITA
Condizioni: Ottime Condizioni

📸 Riceverai esattamente ciò che vedi in foto. Le foto sono parte integrante della descrizione.
📦 La carta verrà spedita protetta con sleeve e/o supporto rigido per garantirne la massima sicurezza durante il trasporto.
🚚 Spedizione generalmente effettuata entro 24h lavorative.
🛒 Consulta il mio armadio per altre carte Pokémon e annunci simili.
💥 Acquistando più articoli puoi creare un set e ottenere sconti dedicati.

#PokemonTCG #Pokemon #Fase #PokemonIta #CartaPokemon #CartePokemon",191646,Pokémon,15,,,,4875,,2,1,,,,,1.00,EUR,https://raw.githubusercontent.com/pandabayo/tcg-foto/main/_stage_git/Pokemon_Fase_001_001_UNK_ITA_190-FRONTE.jpg,https://raw.githubusercontent.com/pandabayo/tcg-foto/main/_stage_git/Pokemon_Fase_001_001_UNK_ITA_190-RETRO.jpg,,,,,,,,,,,,,,,,,,,Pokemon_Fase_001_001_UNK_ITA_190,,,,,,,,
,Fase 060/086 Pokémon TCG ITA,"🎴 Vendo carta Pokémon TCG Fase 060/086 in ita originale.
✨ Carta Pokémon singola dell'espansione Espansione Sconosciuta (UNK), ideale per collezionisti e giocatori Pokémon TCG.

📋 Dettagli:
Nome: Fase
Numero: 060/086
Espansione: Espansione Sconosciuta (UNK)
Lingua: ITA
Condizioni: Ottime Condizioni

📸 Riceverai esattamente ciò che vedi in foto. Le foto sono parte integrante della descrizione.
📦 La carta verrà spedita protetta con sleeve e/o supporto rigido per garantirne la massima sicurezza durante il trasporto.
🚚 Spedizione generalmente effettuata entro 24h lavorative.
🛒 Consulta il mio armadio per altre carte Pokémon e annunci simili.
💥 Acquistando più articoli puoi creare un set e ottenere sconti dedicati.

#PokemonTCG #Pokemon #Fase #PokemonIta #CartaPokemon #CartePokemon",191646,Pokémon,15,,,,4875,,2,1,,,,,1.00,EUR,https://raw.githubusercontent.com/pandabayo/tcg-foto/main/_stage_git/Pokemon_Fase_060_086_UNK_ITA_191-FRONTE.jpg,https://raw.githubusercontent.com/pandabayo/tcg-foto/main/_stage_git/Pokemon_Fase_060_086_UNK_ITA_191-RETRO.jpg,,,,,,,,,,,,,,,,,,,Pokemon_Fase_060_086_UNK_ITA_191,,,,,,,,
,Base 086/131 Pokémon TCG ITA,"🎴 Vendo carta Pokémon TCG Base 086/131 in ita originale.
✨ Carta Pokémon singola dell'espansione Espansione Sconosciuta (UNK), ideale per collezionisti e giocatori Pokémon TCG.

📋 Dettagli:
Nome: Base
Numero: 086/131
Espansione: Espansione Sconosciuta (UNK)
Lingua: ITA
Condizioni: Ottime Condizioni

📸 Riceverai esattamente ciò che vedi in foto. Le foto sono parte integrante della descrizione.
📦 La carta verrà spedita protetta con sleeve e/o supporto rigido per garantirne la massima sicurezza durante il trasporto.
🚚 Spedizione generalmente effettuata entro 24h lavorative.
🛒 Consulta il mio armadio per altre carte Pokémon e annunci simili.
💥 Acquistando più articoli puoi creare un set e ottenere sconti dedicati.

#PokemonTCG #Pokemon #Base #PokemonIta #CartaPokemon #CartePokemon",191646,Pokémon,15,,,,4875,,2,1,,,,,1.00,EUR,https://raw.githubusercontent.com/pandabayo/tcg-foto/main/_stage_git/Pokemon_Base_086_131_UNK_ITA_192-FRONTE.jpg,https://raw.githubusercontent.com/pandabayo/tcg-foto/main/_stage_git/Pokemon_Base_086_131_UNK_ITA_192-RETRO.jpg,,,,,,,,,,,,,,,,,,,Pokemon_Base_086_131_UNK_ITA_192,,,,,,,,
,Oggetto 159/162 Pokémon TCG ITA,"🎴 Vendo carta Pokémon TCG Oggetto 159/162 in ita originale.
✨ Carta Pokémon singola dell'espansione Espansione Sconosciuta (UNK), ideale per collezionisti e giocatori Pokémon TCG.

📋 Dettagli:
Nome: Oggetto
Numero: 159/162
Espansione: Espansione Sconosciuta (UNK)
Lingua: ITA
Condizioni: Ottime Condizioni

📸 Riceverai esattamente ciò che vedi in foto. Le foto sono parte integrante della descrizione.
📦 La carta verrà spedita protetta con sleeve e/o supporto rigido per garantirne la massima sicurezza durante il trasporto.
🚚 Spedizione generalmente effettuata entro 24h lavorative.
🛒 Consulta il mio armadio per altre carte Pokémon e annunci simili.
💥 Acquistando più articoli puoi creare un set e ottenere sconti dedicati.

#PokemonTCG #Pokemon #Oggetto #PokemonIta #CartaPokemon #CartePokemon",191646,Pokémon,15,,,,4875,,2,1,,,,,1.00,EUR,https://raw.githubusercontent.com/pandabayo/tcg-foto/main/_stage_git/Pokemon_Oggetto_159_162_UNK_ITA_193-FRONTE.jpg,https://raw.githubusercontent.com/pandabayo/tcg-foto/main/_stage_git/Pokemon_Oggetto_159_162_UNK_ITA_193-RETRO.jpg,,,,,,,,,,,,,,,,,,,Pokemon_Oggetto_159_162_UNK_ITA_193,,,,,,,,
,Decrittazione 145/162 Pokémon TCG ITA,"🎴 Vendo carta Pokémon TCG Decrittazione 145/162 in ita originale.
✨ Carta Pokémon singola dell'espansione Espansione Sconosciuta (UNK), ideale per collezionisti e giocatori Pokémon TCG.

📋 Dettagli:
Nome: Decrittazione
Numero: 145/162
Espansione: Espansione Sconosciuta (UNK)
Lingua: ITA
Condizioni: Ottime Condizioni

📸 Riceverai esattamente ciò che vedi in foto. Le foto sono parte integrante della descrizione.
📦 La carta verrà spedita protetta con sleeve e/o supporto rigido per garantirne la massima sicurezza durante il trasporto.
🚚 Spedizione generalmente effettuata entro 24h lavorative.
🛒 Consulta il mio armadio per altre carte Pokémon e annunci simili.
💥 Acquistando più articoli puoi creare un set e ottenere sconti dedicati.

#PokemonTCG #Pokemon #Decrittazione #PokemonIta #CartaPokemon #CartePokemon",191646,Pokémon,15,,,,4875,,2,1,,,,,1.00,EUR,https://raw.githubusercontent.com/pandabayo/tcg-foto/main/_stage_git/Pokemon_Decrittazione_145_162_UNK_ITA_194-FRONTE.jpg,https://raw.githubusercontent.com/pandabayo/tcg-foto/main/_stage_git/Pokemon_Decrittazione_145_162_UNK_ITA_194-RETRO.jpg,,,,,,,,,,,,,,,,,,,Pokemon_Decrittazione_145_162_UNK_ITA_194,,,,,,,,
,Base 136/217 Pokémon TCG ITA,"🎴 Vendo carta Pokémon TCG Base 136/217 in ita originale.
✨ Carta Pokémon singola dell'espansione Espansione Sconosciuta (UNK), ideale per collezionisti e giocatori Pokémon TCG.

📋 Dettagli:
Nome: Base
Numero: 136/217
Espansione: Espansione Sconosciuta (UNK)
Lingua: ITA
Condizioni: Ottime Condizioni

📸 Riceverai esattamente ciò che vedi in foto. Le foto sono parte integrante della descrizione.
📦 La carta verrà spedita protetta con sleeve e/o supporto rigido per garantirne la massima sicurezza durante il trasporto.
🚚 Spedizione generalmente effettuata entro 24h lavorative.
🛒 Consulta il mio armadio per altre carte Pokémon e annunci simili.
💥 Acquistando più articoli puoi creare un set e ottenere sconti dedicati.

#PokemonTCG #Pokemon #Base #PokemonIta #CartaPokemon #CartePokemon",191646,Pokémon,15,,,,4875,,2,1,,,,,1.00,EUR,https://raw.githubusercontent.com/pandabayo/tcg-foto/main/_stage_git/Pokemon_Base_136_217_UNK_ITA_195-FRONTE.jpg,https://raw.githubusercontent.com/pandabayo/tcg-foto/main/_stage_git/Pokemon_Base_136_217_UNK_ITA_195-RETRO.jpg,,,,,,,,,,,,,,,,,,,Pokemon_Base_136_217_UNK_ITA_195,,,,,,,,
,Base 130/217 Pokémon TCG ITA,"🎴 Vendo carta Pokémon TCG Base 130/217 in ita originale.
✨ Carta Pokémon singola dell'espansione Espansione Sconosciuta (UNK), ideale per collezionisti e giocatori Pokémon TCG.

📋 Dettagli:
Nome: Base
Numero: 130/217
Espansione: Espansione Sconosciuta (UNK)
Lingua: ITA
Condizioni: Ottime Condizioni

📸 Riceverai esattamente ciò che vedi in foto. Le foto sono parte integrante della descrizione.
📦 La carta verrà spedita protetta con sleeve e/o supporto rigido per garantirne la massima sicurezza durante il trasporto.
🚚 Spedizione generalmente effettuata entro 24h lavorative.
🛒 Consulta il mio armadio per altre carte Pokémon e annunci simili.
💥 Acquistando più articoli puoi creare un set e ottenere sconti dedicati.

#PokemonTCG #Pokemon #Base #PokemonIta #CartaPokemon #CartePokemon",191646,Pokémon,15,,,,4875,,2,1,,,,,1.00,EUR,https://raw.githubusercontent.com/pandabayo/tcg-foto/main/_stage_git/Pokemon_Base_130_217_UNK_ITA_196-FRONTE.jpg,https://raw.githubusercontent.com/pandabayo/tcg-foto/main/_stage_git/Pokemon_Base_130_217_UNK_ITA_196-RETRO.jpg,,,,,,,,,,,,,,,,,,,Pokemon_Base_130_217_UNK_ITA_196,,,,,,,,
,Tromba 001/001 Pokémon TCG ITA,"🎴 Vendo carta Pokémon TCG Tromba 001/001 in ita originale.
✨ Carta Pokémon singola dell'espansione Espansione Sconosciuta (UNK), ideale per collezionisti e giocatori Pokémon TCG.

📋 Dettagli:
Nome: Tromba
Numero: 001/001
Espansione: Espansione Sconosciuta (UNK)
Lingua: ITA
Condizioni: Ottime Condizioni

📸 Riceverai esattamente ciò che vedi in foto. Le foto sono parte integrante della descrizione.
📦 La carta verrà spedita protetta con sleeve e/o supporto rigido per garantirne la massima sicurezza durante il trasporto.
🚚 Spedizione generalmente effettuata entro 24h lavorative.
🛒 Consulta il mio armadio per altre carte Pokémon e annunci simili.
💥 Acquistando più articoli puoi creare un set e ottenere sconti dedicati.

#PokemonTCG #Pokemon #Tromba #PokemonIta #CartaPokemon #CartePokemon",191646,Pokémon,15,,,,4875,,2,1,,,,,1.00,EUR,https://raw.githubusercontent.com/pandabayo/tcg-foto/main/_stage_git/Pokemon_Tromba_001_001_UNK_ITA_197-FRONTE.jpg,https://raw.githubusercontent.com/pandabayo/tcg-foto/main/_stage_git/Pokemon_Tromba_001_001_UNK_ITA_197-RETRO.jpg,,,,,,,,,,,,,,,,,,,Pokemon_Tromba_001_001_UNK_ITA_197,,,,,,,,
,Basg 098/217 Pokémon TCG ITA,"🎴 Vendo carta Pokémon TCG Basg 098/217 in ita originale.
✨ Carta Pokémon singola dell'espansione Espansione Sconosciuta (UNK), ideale per collezionisti e giocatori Pokémon TCG.

📋 Dettagli:
Nome: Basg
Numero: 098/217
Espansione: Espansione Sconosciuta (UNK)
Lingua: ITA
Condizioni: Ottime Condizioni

📸 Riceverai esattamente ciò che vedi in foto. Le foto sono parte integrante della descrizione.
📦 La carta verrà spedita protetta con sleeve e/o supporto rigido per garantirne la massima sicurezza durante il trasporto.
🚚 Spedizione generalmente effettuata entro 24h lavorative.
🛒 Consulta il mio armadio per altre carte Pokémon e annunci simili.
💥 Acquistando più articoli puoi creare un set e ottenere sconti dedicati.

#PokemonTCG #Pokemon #Basg #PokemonIta #CartaPokemon #CartePokemon",191646,Pokémon,15,,,,4875,,2,1,,,,,1.00,EUR,https://raw.githubusercontent.com/pandabayo/tcg-foto/main/_stage_git/Pokemon_Basg_098_217_UNK_ITA_198-FRONTE.jpg,https://raw.githubusercontent.com/pandabayo/tcg-foto/main/_stage_git/Pokemon_Basg_098_217_UNK_ITA_198-RETRO.jpg,,,,,,,,,,,,,,,,,,,Pokemon_Basg_098_217_UNK_ITA_198,,,,,,,,
,Base 134/217 Pokémon TCG ITA,"🎴 Vendo carta Pokémon TCG Base 134/217 in ita originale.
✨ Carta Pokémon singola dell'espansione Espansione Sconosciuta (UNK), ideale per collezionisti e giocatori Pokémon TCG.

📋 Dettagli:
Nome: Base
Numero: 134/217
Espansione: Espansione Sconosciuta (UNK)
Lingua: ITA
Condizioni: Ottime Condizioni

📸 Riceverai esattamente ciò che vedi in foto. Le foto sono parte integrante della descrizione.
📦 La carta verrà spedita protetta con sleeve e/o supporto rigido per garantirne la massima sicurezza durante il trasporto.
🚚 Spedizione generalmente effettuata entro 24h lavorative.
🛒 Consulta il mio armadio per altre carte Pokémon e annunci simili.
💥 Acquistando più articoli puoi creare un set e ottenere sconti dedicati.

#PokemonTCG #Pokemon #Base #PokemonIta #CartaPokemon #CartePokemon",191646,Pokémon,15,,,,4875,,2,1,,,,,1.00,EUR,https://raw.githubusercontent.com/pandabayo/tcg-foto/main/_stage_git/Pokemon_Base_134_217_UNK_ITA_199-FRONTE.jpg,https://raw.githubusercontent.com/pandabayo/tcg-foto/main/_stage_git/Pokemon_Base_134_217_UNK_ITA_199-RETRO.jpg,,,,,,,,,,,,,,,,,,,Pokemon_Base_134_217_UNK_ITA_199,,,,,,,,
,Fasez 132/217 Pokémon TCG ITA,"🎴 Vendo carta Pokémon TCG Fasez 132/217 in ita originale.
✨ Carta Pokémon singola dell'espansione Espansione Sconosciuta (UNK), ideale per collezionisti e giocatori Pokémon TCG.

📋 Dettagli:
Nome: Fasez
Numero: 132/217
Espansione: Espansione Sconosciuta (UNK)
Lingua: ITA
Condizioni: Ottime Condizioni

📸 Riceverai esattamente ciò che vedi in foto. Le foto sono parte integrante della descrizione.
📦 La carta verrà spedita protetta con sleeve e/o supporto rigido per garantirne la massima sicurezza durante il trasporto.
🚚 Spedizione generalmente effettuata entro 24h lavorative.
🛒 Consulta il mio armadio per altre carte Pokémon e annunci simili.
💥 Acquistando più articoli puoi creare un set e ottenere sconti dedicati.

#PokemonTCG #Pokemon #Fasez #PokemonIta #CartaPokemon #CartePokemon",191646,Pokémon,15,,,,4875,,2,1,,,,,1.00,EUR,https://raw.githubusercontent.com/pandabayo/tcg-foto/main/_stage_git/Pokemon_Fasez_132_217_UNK_ITA_200-FRONTE.jpg,https://raw.githubusercontent.com/pandabayo/tcg-foto/main/_stage_git/Pokemon_Fasez_132_217_UNK_ITA_200-RETRO.jpg,,,,,,,,,,,,,,,,,,,Pokemon_Fasez_132_217_UNK_ITA_200,,,,,,,,
,Fase 129/217 Pokémon TCG ITA,"🎴 Vendo carta Pokémon TCG Fase 129/217 in ita originale.
✨ Carta Pokémon singola dell'espansione Espansione Sconosciuta (UNK), ideale per collezionisti e giocatori Pokémon TCG.

📋 Dettagli:
Nome: Fase
Numero: 129/217
Espansione: Espansione Sconosciuta (UNK)
Lingua: ITA
Condizioni: Ottime Condizioni

📸 Riceverai esattamente ciò che vedi in foto. Le foto sono parte integrante della descrizione.
📦 La carta verrà spedita protetta con sleeve e/o supporto rigido per garantirne la massima sicurezza durante il trasporto.
🚚 Spedizione generalmente effettuata entro 24h lavorative.
🛒 Consulta il mio armadio per altre carte Pokémon e annunci simili.
💥 Acquistando più articoli puoi creare un set e ottenere sconti dedicati.

#PokemonTCG #Pokemon #Fase #PokemonIta #CartaPokemon #CartePokemon",191646,Pokémon,15,,,,4875,,2,1,,,,,1.00,EUR,https://raw.githubusercontent.com/pandabayo/tcg-foto/main/_stage_git/Pokemon_Fase_129_217_UNK_ITA_201-FRONTE.jpg,https://raw.githubusercontent.com/pandabayo/tcg-foto/main/_stage_git/Pokemon_Fase_129_217_UNK_ITA_201-RETRO.jpg,,,,,,,,,,,,,,,,,,,Pokemon_Fase_129_217_UNK_ITA_201,,,,,,,,
,Base 133/217 Pokémon TCG ITA,"🎴 Vendo carta Pokémon TCG Base 133/217 in ita originale.
✨ Carta Pokémon singola dell'espansione Espansione Sconosciuta (UNK), ideale per collezionisti e giocatori Pokémon TCG.

📋 Dettagli:
Nome: Base
Numero: 133/217
Espansione: Espansione Sconosciuta (UNK)
Lingua: ITA
Condizioni: Ottime Condizioni

📸 Riceverai esattamente ciò che vedi in foto. Le foto sono parte integrante della descrizione.
📦 La carta verrà spedita protetta con sleeve e/o supporto rigido per garantirne la massima sicurezza durante il trasporto.
🚚 Spedizione generalmente effettuata entro 24h lavorative.
🛒 Consulta il mio armadio per altre carte Pokémon e annunci simili.
💥 Acquistando più articoli puoi creare un set e ottenere sconti dedicati.

#PokemonTCG #Pokemon #Base #PokemonIta #CartaPokemon #CartePokemon",191646,Pokémon,15,,,,4875,,2,1,,,,,1.00,EUR,https://raw.githubusercontent.com/pandabayo/tcg-foto/main/_stage_git/Pokemon_Base_133_217_UNK_ITA_202-FRONTE.jpg,https://raw.githubusercontent.com/pandabayo/tcg-foto/main/_stage_git/Pokemon_Base_133_217_UNK_ITA_202-RETRO.jpg,,,,,,,,,,,,,,,,,,,Pokemon_Base_133_217_UNK_ITA_202,,,,,,,,
,Base 054/088 Pokémon TCG ITA,"🎴 Vendo carta Pokémon TCG Base 054/088 in ita originale.
✨ Carta Pokémon singola dell'espansione Espansione Sconosciuta (UNK), ideale per collezionisti e giocatori Pokémon TCG.

📋 Dettagli:
Nome: Base
Numero: 054/088
Espansione: Espansione Sconosciuta (UNK)
Lingua: ITA
Condizioni: Ottime Condizioni

📸 Riceverai esattamente ciò che vedi in foto. Le foto sono parte integrante della descrizione.
📦 La carta verrà spedita protetta con sleeve e/o supporto rigido per garantirne la massima sicurezza durante il trasporto.
🚚 Spedizione generalmente effettuata entro 24h lavorative.
🛒 Consulta il mio armadio per altre carte Pokémon e annunci simili.
💥 Acquistando più articoli puoi creare un set e ottenere sconti dedicati.

#PokemonTCG #Pokemon #Base #PokemonIta #CartaPokemon #CartePokemon",191646,Pokémon,15,,,,4875,,2,1,,,,,1.00,EUR,https://raw.githubusercontent.com/pandabayo/tcg-foto/main/_stage_git/Pokemon_Base_054_088_UNK_ITA_203-FRONTE.jpg,https://raw.githubusercontent.com/pandabayo/tcg-foto/main/_stage_git/Pokemon_Base_054_088_UNK_ITA_203-RETRO.jpg,,,,,,,,,,,,,,,,,,,Pokemon_Base_054_088_UNK_ITA_203,,,,,,,,
,Fase 028/088 Pokémon TCG ITA,"🎴 Vendo carta Pokémon TCG Fase 028/088 in ita originale.
✨ Carta Pokémon singola dell'espansione Espansione Sconosciuta (UNK), ideale per collezionisti e giocatori Pokémon TCG.

📋 Dettagli:
Nome: Fase
Numero: 028/088
Espansione: Espansione Sconosciuta (UNK)
Lingua: ITA
Condizioni: Ottime Condizioni

📸 Riceverai esattamente ciò che vedi in foto. Le foto sono parte integrante della descrizione.
📦 La carta verrà spedita protetta con sleeve e/o supporto rigido per garantirne la massima sicurezza durante il trasporto.
🚚 Spedizione generalmente effettuata entro 24h lavorative.
🛒 Consulta il mio armadio per altre carte Pokémon e annunci simili.
💥 Acquistando più articoli puoi creare un set e ottenere sconti dedicati.

#PokemonTCG #Pokemon #Fase #PokemonIta #CartaPokemon #CartePokemon",191646,Pokémon,15,,,,4875,,2,1,,,,,1.00,EUR,https://raw.githubusercontent.com/pandabayo/tcg-foto/main/_stage_git/Pokemon_Fase_028_088_UNK_ITA_204-FRONTE.jpg,https://raw.githubusercontent.com/pandabayo/tcg-foto/main/_stage_git/Pokemon_Fase_028_088_UNK_ITA_204-RETRO.jpg,,,,,,,,,,,,,,,,,,,Pokemon_Fase_028_088_UNK_ITA_204,,,,,,,,
,Fase 606/088 Pokémon TCG ITA,"🎴 Vendo carta Pokémon TCG Fase 606/088 in ita originale.
✨ Carta Pokémon singola dell'espansione Espansione Sconosciuta (UNK), ideale per collezionisti e giocatori Pokémon TCG.

📋 Dettagli:
Nome: Fase
Numero: 606/088
Espansione: Espansione Sconosciuta (UNK)
Lingua: ITA
Condizioni: Ottime Condizioni

📸 Riceverai esattamente ciò che vedi in foto. Le foto sono parte integrante della descrizione.
📦 La carta verrà spedita protetta con sleeve e/o supporto rigido per garantirne la massima sicurezza durante il trasporto.
🚚 Spedizione generalmente effettuata entro 24h lavorative.
🛒 Consulta il mio armadio per altre carte Pokémon e annunci simili.
💥 Acquistando più articoli puoi creare un set e ottenere sconti dedicati.

#PokemonTCG #Pokemon #Fase #PokemonIta #CartaPokemon #CartePokemon",191646,Pokémon,15,,,,4875,,2,1,,,,,1.00,EUR,https://raw.githubusercontent.com/pandabayo/tcg-foto/main/_stage_git/Pokemon_Fase_606_088_UNK_ITA_205-FRONTE.jpg,https://raw.githubusercontent.com/pandabayo/tcg-foto/main/_stage_git/Pokemon_Fase_606_088_UNK_ITA_205-RETRO.jpg,,,,,,,,,,,,,,,,,,,Pokemon_Fase_606_088_UNK_ITA_205,,,,,,,,
,Base 057/086 Pokémon TCG ITA,"🎴 Vendo carta Pokémon TCG Base 057/086 in ita originale.
✨ Carta Pokémon singola dell'espansione Espansione Sconosciuta (UNK), ideale per collezionisti e giocatori Pokémon TCG.

📋 Dettagli:
Nome: Base
Numero: 057/086
Espansione: Espansione Sconosciuta (UNK)
Lingua: ITA
Condizioni: Ottime Condizioni

📸 Riceverai esattamente ciò che vedi in foto. Le foto sono parte integrante della descrizione.
📦 La carta verrà spedita protetta con sleeve e/o supporto rigido per garantirne la massima sicurezza durante il trasporto.
🚚 Spedizione generalmente effettuata entro 24h lavorative.
🛒 Consulta il mio armadio per altre carte Pokémon e annunci simili.
💥 Acquistando più articoli puoi creare un set e ottenere sconti dedicati.

#PokemonTCG #Pokemon #Base #PokemonIta #CartaPokemon #CartePokemon",191646,Pokémon,15,,,,4875,,2,1,,,,,1.00,EUR,https://raw.githubusercontent.com/pandabayo/tcg-foto/main/_stage_git/Pokemon_Base_057_086_UNK_ITA_206-FRONTE.jpg,https://raw.githubusercontent.com/pandabayo/tcg-foto/main/_stage_git/Pokemon_Base_057_086_UNK_ITA_206-RETRO.jpg,,,,,,,,,,,,,,,,,,,Pokemon_Base_057_086_UNK_ITA_206,,,,,,,,
,Base 067/094 Pokémon TCG ITA,"🎴 Vendo carta Pokémon TCG Base 067/094 in ita originale.
✨ Carta Pokémon singola dell'espansione Espansione Sconosciuta (UNK), ideale per collezionisti e giocatori Pokémon TCG.

📋 Dettagli:
Nome: Base
Numero: 067/094
Espansione: Espansione Sconosciuta (UNK)
Lingua: ITA
Condizioni: Ottime Condizioni

📸 Riceverai esattamente ciò che vedi in foto. Le foto sono parte integrante della descrizione.
📦 La carta verrà spedita protetta con sleeve e/o supporto rigido per garantirne la massima sicurezza durante il trasporto.
🚚 Spedizione generalmente effettuata entro 24h lavorative.
🛒 Consulta il mio armadio per altre carte Pokémon e annunci simili.
💥 Acquistando più articoli puoi creare un set e ottenere sconti dedicati.

#PokemonTCG #Pokemon #Base #PokemonIta #CartaPokemon #CartePokemon",191646,Pokémon,15,,,,4875,,2,1,,,,,1.00,EUR,https://raw.githubusercontent.com/pandabayo/tcg-foto/main/_stage_git/Pokemon_Base_067_094_UNK_ITA_207-FRONTE.jpg,https://raw.githubusercontent.com/pandabayo/tcg-foto/main/_stage_git/Pokemon_Base_067_094_UNK_ITA_207-RETRO.jpg,,,,,,,,,,,,,,,,,,,Pokemon_Base_067_094_UNK_ITA_207,,,,,,,,
,Base 051/088 Pokémon TCG ITA,"🎴 Vendo carta Pokémon TCG Base 051/088 in ita originale.
✨ Carta Pokémon singola dell'espansione Espansione Sconosciuta (UNK), ideale per collezionisti e giocatori Pokémon TCG.

📋 Dettagli:
Nome: Base
Numero: 051/088
Espansione: Espansione Sconosciuta (UNK)
Lingua: ITA
Condizioni: Ottime Condizioni

📸 Riceverai esattamente ciò che vedi in foto. Le foto sono parte integrante della descrizione.
📦 La carta verrà spedita protetta con sleeve e/o supporto rigido per garantirne la massima sicurezza durante il trasporto.
🚚 Spedizione generalmente effettuata entro 24h lavorative.
🛒 Consulta il mio armadio per altre carte Pokémon e annunci simili.
💥 Acquistando più articoli puoi creare un set e ottenere sconti dedicati.

#PokemonTCG #Pokemon #Base #PokemonIta #CartaPokemon #CartePokemon",191646,Pokémon,15,,,,4875,,2,1,,,,,1.00,EUR,https://raw.githubusercontent.com/pandabayo/tcg-foto/main/_stage_git/Pokemon_Base_051_088_UNK_ITA_208-FRONTE.jpg,https://raw.githubusercontent.com/pandabayo/tcg-foto/main/_stage_git/Pokemon_Base_051_088_UNK_ITA_208-RETRO.jpg,,,,,,,,,,,,,,,,,,,Pokemon_Base_051_088_UNK_ITA_208,,,,,,,,
,Base 001/001 Pokémon TCG ITA,"🎴 Vendo carta Pokémon TCG Base 001/001 in ita originale.
✨ Carta Pokémon singola dell'espansione 151 (MEW), ideale per collezionisti e giocatori Pokémon TCG.

📋 Dettagli:
Nome: Base
Numero: 001/001
Espansione: 151 (MEW)
Lingua: ITA
Condizioni: Ottime Condizioni

📸 Riceverai esattamente ciò che vedi in foto. Le foto sono parte integrante della descrizione.
📦 La carta verrà spedita protetta con sleeve e/o supporto rigido per garantirne la massima sicurezza durante il trasporto.
🚚 Spedizione generalmente effettuata entro 24h lavorative.
🛒 Consulta il mio armadio per altre carte Pokémon e annunci simili.
💥 Acquistando più articoli puoi creare un set e ottenere sconti dedicati.

#PokemonTCG #Pokemon #Base #PokemonIta #CartaPokemon #CartePokemon #MEW",191646,Pokémon,15,,,,4875,,2,1,,,,,1.00,EUR,https://raw.githubusercontent.com/pandabayo/tcg-foto/main/_stage_git/Pokemon_Base_001_001_MEW_ITA_209-FRONTE.jpg,https://raw.githubusercontent.com/pandabayo/tcg-foto/main/_stage_git/Pokemon_Base_001_001_MEW_ITA_209-RETRO.jpg,,,,,,,,,,,,,,,,,,,Pokemon_Base_001_001_MEW_ITA_209,,,,,,,,
,Base 012/193 Pokémon TCG ITA,"🎴 Vendo carta Pokémon TCG Base 012/193 in ita originale.
✨ Carta Pokémon singola dell'espansione Paldea Evolved (PAL), ideale per collezionisti e giocatori Pokémon TCG.

📋 Dettagli:
Nome: Base
Numero: 012/193
Espansione: Paldea Evolved (PAL)
Lingua: ITA
Condizioni: Ottime Condizioni

📸 Riceverai esattamente ciò che vedi in foto. Le foto sono parte integrante della descrizione.
📦 La carta verrà spedita protetta con sleeve e/o supporto rigido per garantirne la massima sicurezza durante il trasporto.
🚚 Spedizione generalmente effettuata entro 24h lavorative.
🛒 Consulta il mio armadio per altre carte Pokémon e annunci simili.
💥 Acquistando più articoli puoi creare un set e ottenere sconti dedicati.

#PokemonTCG #Pokemon #Base #PokemonIta #CartaPokemon #CartePokemon #PAL",191646,Pokémon,15,,,,4875,,2,1,,,,,1.00,EUR,https://raw.githubusercontent.com/pandabayo/tcg-foto/main/_stage_git/Pokemon_Base_012_193_PAL_ITA_210-FRONTE.jpg,https://raw.githubusercontent.com/pandabayo/tcg-foto/main/_stage_git/Pokemon_Base_012_193_PAL_ITA_210-RETRO.jpg,,,,,,,,,,,,,,,,,,,Pokemon_Base_012_193_PAL_ITA_210,,,,,,,,
,Base 086/159 Pokémon TCG ITA,"🎴 Vendo carta Pokémon TCG Base 086/159 in ita originale.
✨ Carta Pokémon singola dell'espansione Espansione Sconosciuta (UNK), ideale per collezionisti e giocatori Pokémon TCG.

📋 Dettagli:
Nome: Base
Numero: 086/159
Espansione: Espansione Sconosciuta (UNK)
Lingua: ITA
Condizioni: Ottime Condizioni

📸 Riceverai esattamente ciò che vedi in foto. Le foto sono parte integrante della descrizione.
📦 La carta verrà spedita protetta con sleeve e/o supporto rigido per garantirne la massima sicurezza durante il trasporto.
🚚 Spedizione generalmente effettuata entro 24h lavorative.
🛒 Consulta il mio armadio per altre carte Pokémon e annunci simili.
💥 Acquistando più articoli puoi creare un set e ottenere sconti dedicati.

#PokemonTCG #Pokemon #Base #PokemonIta #CartaPokemon #CartePokemon",191646,Pokémon,15,,,,4875,,2,1,,,,,1.00,EUR,https://raw.githubusercontent.com/pandabayo/tcg-foto/main/_stage_git/Pokemon_Base_086_159_UNK_ITA_211-FRONTE.jpg,https://raw.githubusercontent.com/pandabayo/tcg-foto/main/_stage_git/Pokemon_Base_086_159_UNK_ITA_211-RETRO.jpg,,,,,,,,,,,,,,,,,,,Pokemon_Base_086_159_UNK_ITA_211,,,,,,,,
,Fase 001/001 Pokémon TCG ITA,"🎴 Vendo carta Pokémon TCG Fase 001/001 in ita originale.
✨ Carta Pokémon singola dell'espansione Espansione Sconosciuta (UNK), ideale per collezionisti e giocatori Pokémon TCG.

📋 Dettagli:
Nome: Fase
Numero: 001/001
Espansione: Espansione Sconosciuta (UNK)
Lingua: ITA
Condizioni: Ottime Condizioni

📸 Riceverai esattamente ciò che vedi in foto. Le foto sono parte integrante della descrizione.
📦 La carta verrà spedita protetta con sleeve e/o supporto rigido per garantirne la massima sicurezza durante il trasporto.
🚚 Spedizione generalmente effettuata entro 24h lavorative.
🛒 Consulta il mio armadio per altre carte Pokémon e annunci simili.
💥 Acquistando più articoli puoi creare un set e ottenere sconti dedicati.

#PokemonTCG #Pokemon #Fase #PokemonIta #CartaPokemon #CartePokemon",191646,Pokémon,15,,,,4875,,2,1,,,,,1.00,EUR,https://raw.githubusercontent.com/pandabayo/tcg-foto/main/_stage_git/Pokemon_Fase_001_001_UNK_ITA_212-FRONTE.jpg,https://raw.githubusercontent.com/pandabayo/tcg-foto/main/_stage_git/Pokemon_Fase_001_001_UNK_ITA_212-RETRO.jpg,,,,,,,,,,,,,,,,,,,Pokemon_Fase_001_001_UNK_ITA_212,,,,,,,,
,Byx 080/086 Pokémon TCG ITA,"🎴 Vendo carta Pokémon TCG Byx 080/086 in ita originale.
✨ Carta Pokémon singola dell'espansione Espansione Sconosciuta (UNK), ideale per collezionisti e giocatori Pokémon TCG.

📋 Dettagli:
Nome: Byx
Numero: 080/086
Espansione: Espansione Sconosciuta (UNK)
Lingua: ITA
Condizioni: Ottime Condizioni

📸 Riceverai esattamente ciò che vedi in foto. Le foto sono parte integrante della descrizione.
📦 La carta verrà spedita protetta con sleeve e/o supporto rigido per garantirne la massima sicurezza durante il trasporto.
🚚 Spedizione generalmente effettuata entro 24h lavorative.
🛒 Consulta il mio armadio per altre carte Pokémon e annunci simili.
💥 Acquistando più articoli puoi creare un set e ottenere sconti dedicati.

#PokemonTCG #Pokemon #Byx #PokemonIta #CartaPokemon #CartePokemon",191646,Pokémon,15,,,,4875,,2,1,,,,,1.00,EUR,https://raw.githubusercontent.com/pandabayo/tcg-foto/main/_stage_git/Pokemon_Byx_080_086_UNK_ITA_213-FRONTE.jpg,https://raw.githubusercontent.com/pandabayo/tcg-foto/main/_stage_git/Pokemon_Byx_080_086_UNK_ITA_213-RETRO.jpg,,,,,,,,,,,,,,,,,,,Pokemon_Byx_080_086_UNK_ITA_213,,,,,,,,
